date,equity,delta
2011-06-01,0.0,1.0
2011-06-02,-62.5,1.0
2011-06-03,-687.5,1.0
2011-06-06,-1400.0,1.0
2011-06-07,-1350.0,1.0
2011-06-08,-1787.5,1.0
2011-06-09,-1237.5,1.0
2011-06-10,-2162.5,1.0
2011-06-13,-2200.0,1.0
2011-06-14,-1387.5,1.0
2011-06-15,-2350.0,1.0
2011-06-16,-2400.0,1.0
2011-06-17,-2037.5,1.0
2011-06-20,-1775.0,1.0
2011-06-21,-950.0,1.0
2011-06-22,-1287.5,1.0
2011-06-23,-1850.0,1.0
2011-06-24,-2250.0,1.0
2011-06-27,-1625.0,1.0
2011-06-28,-937.5,1.0
2011-06-29,-375.0,1.0
2011-06-30,375.0,1.0
2011-07-01,1325.0,1.0
2011-07-05,1225.0,1.0
2011-07-06,1237.5,1.0
2011-07-07,2025.0,1.0
2011-07-08,1475.0,1.0
2011-07-11,262.5,1.0
2011-07-12,150.0,1.0
2011-07-13,137.5,1.0
2011-07-14,-175.0,1.0
2011-07-15,87.5,1.0
2011-07-18,-500.0,1.0
2011-07-19,675.0,1.0
2011-07-20,650.0,1.0
2011-07-21,1575.0,1.0
2011-07-22,1575.0,1.0
2011-07-25,1237.5,1.0
2011-07-26,975.0,1.0
2011-07-27,-375.0,1.0
2011-07-28,-612.5,1.0
2011-07-29,-1025.0,1.0
2011-08-01,-1250.0,1.0
2011-08-02,-2700.0,1.0
2011-08-03,-2712.5,1.0
2011-08-04,-5312.5,1.0
2011-08-05,-5600.0,1.0
2011-08-08,-9325.0,1.0
2011-08-09,-8087.5,1.0
2011-08-10,-9162.5,1.0
2011-08-11,-6337.5,1.0
2011-08-12,-6787.5,1.0
2011-08-15,-5450.0,1.0
2011-08-16,-5725.0,1.0
2011-08-17,-5925.0,1.0
2011-08-18,-8950.0,1.0
2011-08-19,-9262.5,1.0
2011-08-22,-9087.5,1.0
2011-08-23,-7637.5,1.0
2011-08-24,-6712.5,1.0
2011-08-25,-7775.0,1.0
2011-08-26,-6825.0,1.0
2011-08-29,-5125.0,1.0
2011-08-30,-4612.5,1.0
2011-08-31,-4500.0,1.0
2011-09-01,-5212.5,1.0
2011-09-02,-6712.5,1.0
2011-09-06,-7537.5,1.0
2011-09-07,-5762.5,1.0
2011-09-08,-6037.5,1.0
2011-09-09,-7775.0,1.0
2011-09-12,-7762.5,1.0
2011-09-13,-6800.0,1.0
2011-09-14,-5675.0,1.0
2011-09-15,-5062.5,1.0
2011-09-16,-4687.5,1.0
2011-09-19,-5075.0,1.0
2011-09-20,-5287.5,1.0
2011-09-21,-6612.5,1.0
2011-09-22,-9275.0,1.0
2011-09-23,-8687.5,1.0
2011-09-26,-7487.5,1.0
2011-09-27,-6637.5,1.0
2011-09-28,-7725.0,1.0
2011-09-29,-7700.0,1.0
2011-09-30,-8437.5,1.0
2011-10-03,-10112.5,1.0
2011-10-04,-10162.5,1.0
2011-10-05,-8187.5,1.0
2011-10-06,-7312.5,1.0
2011-10-07,-7212.5,1.0
2011-10-11,-5525.0,1.0
2011-10-12,-4612.5,1.0
2011-10-13,-5262.5,1.0
2011-10-14,-4275.0,1.0
2011-10-17,-5175.0,1.0
2011-10-18,-4000.0,1.0
2011-10-19,-4825.0,1.0
2011-10-20,-4575.0,1.0
2011-10-21,-3712.5,1.0
2011-10-24,-2750.0,1.0
2011-10-25,-3825.0,1.0
2011-10-26,-3162.5,1.0
2011-10-27,-987.5,1.0
2011-10-28,-1112.5,1.0
2011-10-31,-2487.5,1.0
2011-11-01,-4250.0,1.0
2011-11-02,-3537.5,1.0
2011-11-03,-2250.0,1.0
2011-11-04,-2675.0,1.0
2011-11-07,-2362.5,1.0
2011-11-08,-1550.0,1.0
2011-11-09,-3837.5,1.0
2011-11-10,-3300.0,1.0
2011-11-14,-2612.5,1.0
2011-11-15,-2162.5,1.0
2011-11-16,-3162.5,1.0
2011-11-17,-4725.0,1.0
2011-11-18,-4437.5,1.0
2011-11-21,-5375.0,1.0
2011-11-22,-5800.0,1.0
2011-11-23,-6762.5,1.0
2011-11-25,-7462.5,1.0
2011-11-28,-5975.0,1.0
2011-11-29,-5262.5,1.0
2011-11-30,-3037.5,1.0
2011-12-01,-2950.0,1.0
2011-12-02,-2962.5,1.0
2011-12-05,-2562.5,1.0
2011-12-06,-2100.0,1.0
2011-12-07,-1950.0,1.0
2011-12-08,-3200.0,1.0
2011-12-09,-2337.5,1.0
2011-12-12,-3412.5,1.0
2011-12-13,-3987.5,1.0
2011-12-14,-4537.5,1.0
2011-12-15,-4325.0,1.0
2011-12-16,-4237.5,1.0
2011-12-19,-4975.0,1.0
2011-12-20,-3050.0,1.0
2011-12-21,-2987.5,1.0
2011-12-22,-2475.0,1.0
2011-12-23,-1925.0,1.0
2011-12-27,-1775.0,1.0
2011-12-28,-2612.5,1.0
2011-12-29,-1962.5,1.0
2011-12-30,-2112.5,1.0
2012-01-03,-1075.0,1.0
2012-01-04,-1187.5,1.0
2012-01-05,-1012.5,1.0
2012-01-06,-1162.5,1.0
2012-01-09,-987.5,1.0
2012-01-10,-500.0,1.0
2012-01-11,-412.5,1.0
2012-01-12,-250.0,1.0
2012-01-13,-625.0,1.0
2012-01-17,-362.5,1.0
2012-01-18,287.5,1.0
2012-01-19,650.0,1.0
2012-01-20,650.0,1.0
2012-01-23,837.5,1.0
2012-01-24,625.0,1.0
2012-01-25,1325.0,1.0
2012-01-26,825.0,1.0
2012-01-27,925.0,1.0
2012-01-30,487.5,1.0
2012-01-31,600.0,1.0
2012-02-01,1300.0,1.0
2012-02-02,1275.0,1.0
2012-02-03,2150.0,1.0
2012-02-06,2150.0,1.0
2012-02-07,2437.5,1.0
2012-02-08,2487.5,1.0
2012-02-09,2575.0,1.0
2012-02-10,2050.0,1.0
2012-02-13,2550.0,1.0
2012-02-14,2425.0,1.0
2012-02-15,2275.0,1.0
2012-02-16,3000.0,1.0
2012-02-17,3137.5,1.0
2012-02-21,3125.0,1.0
2012-02-22,2975.0,1.0
2012-02-23,3237.5,1.0
2012-02-24,3325.0,1.0
2012-02-27,3512.5,1.0
2012-02-28,3700.0,1.0
2012-02-29,3375.0,1.0
2012-03-01,3712.5,1.0
2012-03-02,3575.0,1.0
2012-03-05,3337.5,1.0
2012-03-06,2275.0,1.0
2012-03-07,2862.5,1.0
2012-03-08,3475.0,1.0
2012-03-09,3700.0,1.0
2012-03-12,3675.0,1.0
2012-03-13,4850.0,1.0
2012-03-14,4837.5,1.0
2012-03-15,5250.0,1.0
2012-03-16,5400.0,1.0
2012-03-19,5662.5,1.0
2012-03-20,5375.0,1.0
2012-03-21,5437.5,1.0
2012-03-22,4825.0,1.0
2012-03-23,5025.0,1.0
2012-03-26,5925.0,1.0
2012-03-27,5862.5,1.0
2012-03-28,5437.5,1.0
2012-03-29,5350.0,1.0
2012-03-30,5625.0,1.0
2012-04-02,6187.5,1.0
2012-04-03,5762.5,1.0
2012-04-04,5237.5,1.0
2012-04-05,5150.0,1.0
2012-04-06,4200.0,1.0
2012-04-09,4387.5,1.0
2012-04-10,3200.0,1.0
2012-04-11,3625.0,1.0
2012-04-12,4625.0,1.0
2012-04-13,3912.5,1.0
2012-04-16,3850.0,1.0
2012-04-17,4825.0,1.0
2012-04-18,4575.0,1.0
2012-04-19,4150.0,1.0
2012-04-20,4162.5,1.0
2012-04-23,3550.0,1.0
2012-04-24,3850.0,1.0
2012-04-25,4712.5,1.0
2012-04-26,5287.5,1.0
2012-04-27,5475.0,1.0
2012-04-30,5125.0,1.0
2012-05-01,5637.5,1.0
2012-05-02,5412.5,1.0
2012-05-03,4862.5,1.0
2012-05-04,3850.0,1.0
2012-05-07,3837.5,1.0
2012-05-08,3487.5,1.0
2012-05-09,3225.0,1.0
2012-05-10,3162.5,1.0
2012-05-11,2987.5,1.0
2012-05-14,2250.0,1.0
2012-05-15,1937.5,1.0
2012-05-16,1675.0,1.0
2012-05-17,675.0,1.0
2012-05-18,12.5,1.0
2012-05-21,1087.5,1.0
2012-05-22,1012.5,1.0
2012-05-23,1275.0,1.0
2012-05-24,1262.5,1.0
2012-05-25,1225.0,1.0
2012-05-29,2000.0,1.0
2012-05-30,1112.5,1.0
2012-05-31,1137.5,1.0
2012-06-01,-662.5,1.0
2012-06-04,-762.5,1.0
2012-06-05,-712.5,1.0
2012-06-06,-712.5,1.0
2012-06-07,1250.0,1.0
2012-06-08,1662.5,1.0
2012-06-11,1175.0,1.0
2012-06-12,1625.0,1.0
2012-06-13,1075.0,1.0
2012-06-14,1962.5,1.0
2012-06-15,2500.0,1.0
2012-06-18,2675.0,1.0
2012-06-19,3387.5,1.0
2012-06-20,3175.0,1.0
2012-06-21,1812.5,1.0
2012-06-22,2275.0,1.0
2012-06-25,1237.5,1.0
2012-06-26,1600.0,1.0
2012-06-27,2125.0,1.0
2012-06-28,1850.0,1.0
2012-06-29,3437.5,1.0
2012-07-02,3662.5,1.0
2012-07-03,4187.5,1.0
2012-07-05,3962.5,1.0
2012-07-06,3275.0,1.0
2012-07-09,3087.5,1.0
2012-07-10,2450.0,1.0
2012-07-11,2612.5,1.0
2012-07-12,2487.5,1.0
2012-07-13,3387.5,1.0
2012-07-16,3125.0,1.0
2012-07-17,3637.5,1.0
2012-07-18,4162.5,1.0
2012-07-19,4425.0,1.0
2012-07-20,3737.5,1.0
2012-07-23,3137.5,1.0
2012-07-24,2312.5,1.0
2012-07-25,2362.5,1.0
2012-07-26,3675.0,1.0
2012-07-27,4987.5,1.0
2012-07-30,4787.5,1.0
2012-07-31,4600.0,1.0
2012-08-01,4525.0,1.0
2012-08-02,3775.0,1.0
2012-08-03,5112.5,1.0
2012-08-06,5450.0,1.0
2012-08-07,5737.5,1.0
2012-08-08,5712.5,1.0
2012-08-09,5762.5,1.0
2012-08-10,5862.5,1.0
2012-08-13,5825.0,1.0
2012-08-14,5762.5,1.0
2012-08-15,5975.0,1.0
2012-08-16,6487.5,1.0
2012-08-17,6500.0,1.0
2012-08-20,6525.0,1.0
2012-08-21,6312.5,1.0
2012-08-22,6325.0,1.0
2012-08-23,5850.0,1.0
2012-08-24,6362.5,1.0
2012-08-27,6200.0,1.0
2012-08-28,6237.5,1.0
2012-08-29,6300.0,1.0
2012-08-30,5787.5,1.0
2012-08-31,6000.0,1.0
2012-09-04,5962.5,1.0
2012-09-05,5912.5,1.0
2012-09-06,7275.0,1.0
2012-09-07,7575.0,1.0
2012-09-10,7237.5,1.0
2012-09-11,7425.0,1.0
2012-09-12,7525.0,1.0
2012-09-13,8837.5,1.0
2012-09-14,8900.0,1.0
2012-09-17,8812.5,1.0
2012-09-18,8687.5,1.0
2012-09-19,8950.0,1.0
2012-09-20,8725.0,1.0
2012-09-21,8825.0,1.0
2012-09-24,8687.5,1.0
2012-09-25,7975.0,1.0
2012-09-26,7487.5,1.0
2012-09-27,8187.5,1.0
2012-09-28,7862.5,1.0
2012-10-01,7987.5,1.0
2012-10-02,8037.5,1.0
2012-10-03,8362.5,1.0
2012-10-04,8862.5,1.0
2012-10-05,8762.5,1.0
2012-10-09,8000.0,1.0
2012-10-10,7475.0,1.0
2012-10-11,7562.5,1.0
2012-10-12,7312.5,1.0
2012-10-15,7837.5,1.0
2012-10-16,8575.0,1.0
2012-10-17,8937.5,1.0
2012-10-18,8825.0,1.0
2012-10-19,7625.0,1.0
2012-10-22,7275.0,1.0
2012-10-23,6537.5,1.0
2012-10-24,6237.5,1.0
2012-10-25,6437.5,1.0
2012-10-26,6487.5,1.0
2012-10-29,6250.0,1.0
2012-10-30,6675.0,1.0
2012-10-31,6475.0,1.0
2012-11-01,7187.5,1.0
2012-11-02,4987.5,1.0
2012-11-05,6862.5,1.0
2012-11-06,7262.5,1.0
2012-11-07,5937.5,1.0
2012-11-08,5025.0,1.0
2012-11-09,3512.5,1.0
2012-11-13,4725.0,1.0
2012-11-14,3787.5,1.0
2012-11-15,2287.5,1.0
2012-11-16,4012.5,1.0
2012-11-19,5162.5,1.0
2012-11-20,5262.5,1.0
2012-11-21,5525.0,1.0
2012-11-23,6375.0,1.0
2012-11-26,6212.5,1.0
2012-11-27,5975.0,1.0
2012-11-28,6487.5,1.0
2012-11-29,6875.0,1.0
2012-11-30,6762.5,1.0
2012-12-03,6625.0,1.0
2012-12-04,6450.0,1.0
2012-12-05,6587.5,1.0
2012-12-06,6700.0,1.0
2012-12-07,6950.0,1.0
2012-12-10,7087.5,1.0
2012-12-11,7475.0,1.0
2012-12-12,7462.5,1.0
2012-12-13,7212.5,1.0
2012-12-14,6825.0,1.0
2012-12-17,7487.5,1.0
2012-12-18,8300.0,1.0
2012-12-19,8137.5,1.0
2012-12-20,8162.5,1.0
2012-12-21,7525.0,1.0
2012-12-24,7312.5,1.0
2012-12-26,7100.0,1.0
2012-12-27,7062.5,1.0
2012-12-28,6250.0,1.0
2012-12-31,7150.0,1.0
2013-01-02,8875.0,1.0
2013-01-03,8962.5,1.0
2013-01-04,9375.0,1.0
2013-01-07,9125.0,1.0
2013-01-08,8837.5,1.0
2013-01-09,9062.5,1.0
2013-01-10,9662.5,1.0
2013-01-11,9687.5,1.0
2013-01-14,9562.5,1.0
2013-01-15,9687.5,1.0
2013-01-16,9700.0,1.0
2013-01-17,10237.5,1.0
2013-01-18,10275.0,1.0
2013-01-22,10612.5,1.0
2013-01-23,10800.0,1.0
2013-01-24,10937.5,1.0
2013-01-25,11075.0,1.0
2013-01-28,11175.0,1.0
2013-01-29,11537.5,1.0
2013-01-30,11187.5,1.0
2013-01-31,11062.5,1.0
2013-02-01,11787.5,1.0
2013-02-04,10950.0,1.0
2013-02-05,11750.0,1.0
2013-02-06,11650.0,1.0
2013-02-07,11537.5,1.0
2013-02-08,11950.0,1.0
2013-02-11,12025.0,1.0
2013-02-12,12087.5,1.0
2013-02-13,12087.5,1.0
2013-02-14,12250.0,1.0
2013-02-15,12150.0,1.0
2013-02-19,12675.0,1.0
2013-02-20,11925.0,1.0
2013-02-21,11437.5,1.0
2013-02-22,11925.0,1.0
2013-02-25,11075.0,1.0
2013-02-26,11175.0,1.0
2013-02-27,12200.0,1.0
2013-02-28,12262.5,1.0
2013-03-01,12125.0,1.0
2013-03-04,12437.5,1.0
2013-03-05,13312.5,1.0
2013-03-06,13300.0,1.0
2013-03-07,13500.0,1.0
2013-03-08,13887.5,1.0
2013-03-11,14025.0,1.0
2013-03-12,13912.5,1.0
2013-03-13,14037.5,1.0
2013-03-14,14462.5,1.0
2013-03-15,14312.5,1.0
2013-03-18,13850.0,1.0
2013-03-19,13612.5,1.0
2013-03-20,14362.5,1.0
2013-03-21,13650.0,1.0
2013-03-22,14012.5,1.0
2013-03-25,13762.5,1.0
2013-03-26,14512.5,1.0
2013-03-27,14475.0,1.0
2013-03-28,13462.5,1.0
2013-03-29,14800.0,1.0
2013-04-01,14375.0,1.0
2013-04-02,14600.0,1.0
2013-04-03,14025.0,1.0
2013-04-04,14275.0,1.0
2013-04-05,13937.5,1.0
2013-04-08,14400.0,1.0
2013-04-09,14825.0,1.0
2013-04-10,15800.0,1.0
2013-04-11,16025.0,1.0
2013-04-12,15762.5,1.0
2013-04-15,14200.0,1.0
2013-04-16,15037.5,1.0
2013-04-17,13950.0,1.0
2013-04-18,13450.0,1.0
2013-04-19,14125.0,1.0
2013-04-22,14512.5,1.0
2013-04-23,15237.5,1.0
2013-04-24,15337.5,1.0
2013-04-25,15700.0,1.0
2013-04-26,15612.5,1.0
2013-04-29,16112.5,1.0
2013-04-30,16187.5,1.0
2013-05-01,15475.0,1.0
2013-05-02,16250.0,1.0
2013-05-03,17200.0,1.0
2013-05-06,17325.0,1.0
2013-05-07,17687.5,1.0
2013-05-08,18025.0,1.0
2013-05-09,17750.0,1.0
2013-05-10,18012.5,1.0
2013-05-13,18150.0,1.0
2013-05-14,19000.0,1.0
2013-05-15,19412.5,1.0
2013-05-16,19037.5,1.0
2013-05-17,19862.5,1.0
2013-05-20,19800.0,1.0
2013-05-21,19975.0,1.0
2013-05-22,19150.0,1.0
2013-05-23,19025.0,1.0
2013-05-24,18787.5,1.0
2013-05-28,19612.5,1.0
2013-05-29,19012.5,1.0
2013-05-30,19437.5,1.0
2013-05-31,18575.0,1.0
2013-06-03,18437.5,1.0
2013-06-04,18312.5,1.0
2013-06-05,17137.5,1.0
2013-06-06,17512.5,1.0
2013-06-07,18600.0,1.0
2013-06-10,18737.5,1.0
2013-06-11,17875.0,1.0
2013-06-12,17287.5,1.0
2013-06-13,18475.0,1.0
2013-06-14,17887.5,1.0
2013-06-17,18512.5,1.0
2013-06-18,19187.5,1.0
2013-06-19,18300.0,1.0
2013-06-20,18300.0,1.0
2013-06-21,18300.0,1.0
2013-06-24,18300.0,1.0
2013-06-25,18300.0,1.0
2013-06-26,18300.0,1.0
2013-06-27,18300.0,1.0
2013-06-28,18300.0,1.0
2013-07-01,18300.0,1.0
2013-07-02,18300.0,1.0
2013-07-03,18300.0,1.0
2013-07-05,18300.0,1.0
2013-07-08,18300.0,1.0
2013-07-09,18300.0,1.0
2013-07-10,18300.0,1.0
2013-07-11,18300.0,1.0
2013-07-12,18300.0,1.0
2013-07-15,18300.0,1.0
2013-07-16,18300.0,1.0
2013-07-17,18300.0,1.0
2013-07-18,18300.0,1.0
2013-07-19,18300.0,1.0
2013-07-22,18300.0,1.0
2013-07-23,18300.0,1.0
2013-07-24,18300.0,1.0
2013-07-25,18300.0,1.0
2013-07-26,18300.0,1.0
2013-07-29,18300.0,1.0
2013-07-30,18300.0,1.0
2013-07-31,18300.0,1.0
2013-08-01,18300.0,1.0
2013-08-02,18300.0,1.0
2013-08-05,18300.0,1.0
2013-08-06,18300.0,1.0
2013-08-07,21050.0,1.0
2013-08-08,21350.0,1.0
2013-08-09,21025.0,1.0
2013-08-12,20925.0,1.0
2013-08-13,21175.0,1.0
2013-08-14,20787.5,1.0
2013-08-15,19587.5,1.0
2013-08-16,19412.5,1.0
2013-08-19,18862.5,1.0
2013-08-20,19262.5,1.0
2013-08-21,18812.5,1.0
2013-08-22,19412.5,1.0
2013-08-23,19662.5,1.0
2013-08-26,19500.0,1.0
2013-08-27,18025.0,1.0
2013-08-28,18400.0,1.0
2013-08-29,18437.5,1.0
2013-08-30,18000.0,1.0
2013-09-03,18512.5,1.0
2013-09-04,19162.5,1.0
2013-09-05,19275.0,1.0
2013-09-06,19437.5,1.0
2013-09-09,20087.5,1.0
2013-09-10,20662.5,1.0
2013-09-11,20862.5,1.0
2013-09-12,20762.5,1.0
2013-09-13,20937.5,1.0
2013-09-16,21400.0,1.0
2013-09-17,21825.0,1.0
2013-09-18,22875.0,1.0
2013-09-19,22775.0,1.0
2013-09-20,22137.5,1.0
2013-09-23,21762.5,1.0
2013-09-24,21587.5,1.0
2013-09-25,21325.0,1.0
2013-09-26,21412.5,1.0
2013-09-27,21175.0,1.0
2013-09-30,20650.0,1.0
2013-10-01,21125.0,1.0
2013-10-02,21162.5,1.0
2013-10-03,20687.5,1.0
2013-10-04,21087.5,1.0
2013-10-07,20575.0,1.0
2013-10-08,19662.5,1.0
2013-10-09,19525.0,1.0
2013-10-10,21225.0,1.0
2013-10-11,21662.5,1.0
2013-10-15,21600.0,1.0
2013-10-16,22637.5,1.0
2013-10-17,23275.0,1.0
2013-10-18,23800.0,1.0
2013-10-21,23825.0,1.0
2013-10-22,24450.0,1.0
2013-10-23,23987.5,1.0
2013-10-24,24250.0,1.0
2013-10-25,24587.5,1.0
2013-10-28,24725.0,1.0
2013-10-29,25200.0,1.0
2013-10-30,24950.0,1.0
2013-10-31,24787.5,1.0
2013-11-01,24812.5,1.0
2013-11-04,25012.5,1.0
2013-11-05,24937.5,1.0
2013-11-06,25175.0,1.0
2013-11-07,24125.0,1.0
2013-11-08,25175.0,1.0
2013-11-12,25137.5,1.0
2013-11-13,25737.5,1.0
2013-11-14,26375.0,1.0
2013-11-15,26600.0,1.0
2013-11-18,26287.5,1.0
2013-11-19,26212.5,1.0
2013-11-20,25887.5,1.0
2013-11-21,26612.5,1.0
2013-11-22,27100.0,1.0
2013-11-25,26962.5,1.0
2013-11-26,27150.0,1.0
2013-11-27,27262.5,1.0
2013-11-29,27150.0,1.0
2013-12-02,26900.0,1.0
2013-12-03,26500.0,1.0
2013-12-04,26687.5,1.0
2013-12-05,26137.5,1.0
2013-12-06,27062.5,1.0
2013-12-09,27350.0,1.0
2013-12-10,27100.0,1.0
2013-12-11,25975.0,1.0
2013-12-12,25800.0,1.0
2013-12-13,25787.5,1.0
2013-12-16,26337.5,1.0
2013-12-17,26025.0,1.0
2013-12-18,27437.5,1.0
2013-12-19,27375.0,1.0
2013-12-20,27950.0,1.0
2013-12-23,28337.5,1.0
2013-12-24,28712.5,1.0
2013-12-26,29125.0,1.0
2013-12-27,29062.5,1.0
2013-12-30,28975.0,1.0
2013-12-31,29350.0,1.0
2014-01-02,28587.5,1.0
2014-01-03,28650.0,1.0
2014-01-06,28400.0,1.0
2014-01-07,28912.5,1.0
2014-01-08,28775.0,1.0
2014-01-09,28875.0,1.0
2014-01-10,29050.0,1.0
2014-01-13,27800.0,1.0
2014-01-14,28875.0,1.0
2014-01-15,29412.5,1.0
2014-01-16,29175.0,1.0
2014-01-17,28787.5,1.0
2014-01-21,29150.0,1.0
2014-01-22,29300.0,1.0
2014-01-23,28350.0,1.0
2014-01-24,26637.5,1.0
2014-01-27,26312.5,1.0
2014-01-28,26612.5,1.0
2014-01-29,25812.5,1.0
2014-01-30,26750.0,1.0
2014-01-31,26175.0,1.0
2014-02-03,24037.5,1.0
2014-02-04,24775.0,1.0
2014-02-05,24687.5,1.0
2014-02-06,25687.5,1.0
2014-02-07,26925.0,1.0
2014-02-10,26962.5,1.0
2014-02-11,28112.5,1.0
2014-02-12,28037.5,1.0
2014-02-13,28525.0,1.0
2014-02-14,28987.5,1.0
2014-02-18,29137.5,1.0
2014-02-19,28537.5,1.0
2014-02-20,29175.0,1.0
2014-02-21,29087.5,1.0
2014-02-24,29687.5,1.0
2014-02-25,29250.0,1.0
2014-02-26,29362.5,1.0
2014-02-27,29787.5,1.0
2014-02-28,30037.5,1.0
2014-03-03,29375.0,1.0
2014-03-04,30925.0,1.0
2014-03-05,30837.5,1.0
2014-03-06,31087.5,1.0
2014-03-07,30975.0,1.0
2014-03-10,31075.0,1.0
2014-03-11,30487.5,1.0
2014-03-12,30500.0,1.0
2014-03-13,29637.5,1.0
2014-03-14,29362.5,1.0
2014-03-17,30075.0,1.0
2014-03-18,30775.0,1.0
2014-03-19,30412.5,1.0
2014-03-20,30800.0,1.0
2014-03-21,30475.0,1.0
2014-03-24,30275.0,1.0
2014-03-25,30575.0,1.0
2014-03-26,30075.0,1.0
2014-03-27,29712.5,1.0
2014-03-28,30087.5,1.0
2014-03-31,30925.0,1.0
2014-04-01,31462.5,1.0
2014-04-02,31862.5,1.0
2014-04-03,31750.0,1.0
2014-04-04,30600.0,1.0
2014-04-07,29687.5,1.0
2014-04-08,29950.0,1.0
2014-04-09,30837.5,1.0
2014-04-10,29187.5,1.0
2014-04-11,28250.0,1.0
2014-04-14,28612.5,1.0
2014-04-15,29350.0,1.0
2014-04-16,30312.5,1.0
2014-04-17,30662.5,1.0
2014-04-18,30500.0,1.0
2014-04-21,30825.0,1.0
2014-04-22,31337.5,1.0
2014-04-23,31100.0,1.0
2014-04-24,31200.0,1.0
2014-04-25,30550.0,1.0
2014-04-28,30937.5,1.0
2014-04-29,31225.0,1.0
2014-04-30,31525.0,1.0
2014-05-01,31375.0,1.0
2014-05-02,31350.0,1.0
2014-05-05,31500.0,1.0
2014-05-06,30850.0,1.0
2014-05-07,31262.5,1.0
2014-05-08,31125.0,1.0
2014-05-09,31350.0,1.0
2014-05-12,32237.5,1.0
2014-05-13,32312.5,1.0
2014-05-14,31837.5,1.0
2014-05-15,31037.5,1.0
2014-05-16,31312.5,1.0
2014-05-19,31762.5,1.0
2014-05-20,31200.0,1.0
2014-05-21,31850.0,1.0
2014-05-22,32162.5,1.0
2014-05-23,32537.5,1.0
2014-05-27,33087.5,1.0
2014-05-28,33137.5,1.0
2014-05-29,33450.0,1.0
2014-05-30,33675.0,1.0
2014-06-02,33812.5,1.0
2014-06-03,33737.5,1.0
2014-06-04,33925.0,1.0
2014-06-05,34550.0,1.0
2014-06-06,34937.5,1.0
2014-06-09,35087.5,1.0
2014-06-10,35050.0,1.0
2014-06-11,34825.0,1.0
2014-06-12,34025.0,1.0
2014-06-13,34150.0,1.0
2014-06-16,34437.5,1.0
2014-06-17,34787.5,1.0
2014-06-18,35462.5,1.0
2014-06-19,35550.0,1.0
2014-06-20,35712.5,1.0
2014-06-23,35687.5,1.0
2014-06-24,35137.5,1.0
2014-06-25,35650.0,1.0
2014-06-26,35462.5,1.0
2014-06-27,35612.5,1.0
2014-06-30,35575.0,1.0
2014-07-01,36475.0,1.0
2014-07-02,36312.5,1.0
2014-07-03,36887.5,1.0
2014-07-07,36487.5,1.0
2014-07-08,35875.0,1.0
2014-07-09,36350.0,1.0
2014-07-10,35987.5,1.0
2014-07-11,36087.5,1.0
2014-07-14,36537.5,1.0
2014-07-15,36362.5,1.0
2014-07-16,36762.5,1.0
2014-07-17,35500.0,1.0
2014-07-18,36587.5,1.0
2014-07-21,36437.5,1.0
2014-07-22,36900.0,1.0
2014-07-23,37100.0,1.0
2014-07-24,37150.0,1.0
2014-07-25,36575.0,1.0
2014-07-28,36700.0,1.0
2014-07-29,36287.5,1.0
2014-07-30,36287.5,1.0
2014-07-31,34400.0,1.0
2014-08-01,34012.5,1.0
2014-08-04,34800.0,1.0
2014-08-05,33800.0,1.0
2014-08-06,33787.5,1.0
2014-08-07,33175.0,1.0
2014-08-08,34362.5,1.0
2014-08-11,34612.5,1.0
2014-08-12,34537.5,1.0
2014-08-13,35162.5,1.0
2014-08-14,35537.5,1.0
2014-08-15,35512.5,1.0
2014-08-18,36362.5,1.0
2014-08-19,36937.5,1.0
2014-08-20,37275.0,1.0
2014-08-21,37512.5,1.0
2014-08-22,37287.5,1.0
2014-08-25,37825.0,1.0
2014-08-26,37950.0,1.0
2014-08-27,37850.0,1.0
2014-08-28,37787.5,1.0
2014-08-29,38025.0,1.0
2014-09-02,38012.5,1.0
2014-09-03,37900.0,1.0
2014-09-04,37687.5,1.0
2014-09-05,38250.0,1.0
2014-09-08,38037.5,1.0
2014-09-09,37300.0,1.0
2014-09-10,37700.0,1.0
2014-09-11,37775.0,1.0
2014-09-12,37200.0,1.0
2014-09-15,37225.0,1.0
2014-09-16,38025.0,1.0
2014-09-17,38075.0,1.0
2014-09-18,38612.5,1.0
2014-09-19,38712.5,1.0
2014-09-22,37787.5,1.0
2014-09-23,37400.0,1.0
2014-09-24,37950.0,1.0
2014-09-25,36525.0,1.0
2014-09-26,37150.0,1.0
2014-09-29,36975.0,1.0
2014-09-30,36775.0,1.0
2014-10-01,35525.0,1.0
2014-10-02,35262.5,1.0
2014-10-03,36500.0,1.0
2014-10-06,36325.0,1.0
2014-10-07,35025.0,1.0
2014-10-08,36512.5,1.0
2014-10-09,34625.0,1.0
2014-10-10,33700.0,1.0
2014-10-14,32125.0,1.0
2014-10-15,31400.0,1.0
2014-10-16,31350.0,1.0
2014-10-17,32687.5,1.0
2014-10-20,33262.5,1.0
2014-10-21,35087.5,1.0
2014-10-22,34525.0,1.0
2014-10-23,35737.5,1.0
2014-10-24,36275.0,1.0
2014-10-27,36150.0,1.0
2014-10-28,37187.5,1.0
2014-10-29,37237.5,1.0
2014-10-30,37725.0,1.0
2014-10-31,38900.0,1.0
2014-11-03,38950.0,1.0
2014-11-04,38725.0,1.0
2014-11-05,39237.5,1.0
2014-11-06,39712.5,1.0
2014-11-07,39700.0,1.0
2014-11-10,40037.5,1.0
2014-11-12,40237.5,1.0
2014-11-13,40262.5,1.0
2014-11-14,40225.0,1.0
2014-11-17,40350.0,1.0
2014-11-18,40975.0,1.0
2014-11-19,40712.5,1.0
2014-11-20,40925.0,1.0
2014-11-21,41512.5,1.0
2014-11-24,41762.5,1.0
2014-11-25,41762.5,1.0
2014-11-26,41950.0,1.0
2014-11-28,41750.0,1.0
2014-12-01,41037.5,1.0
2014-12-02,41675.0,1.0
2014-12-03,42137.5,1.0
2014-12-04,41887.5,1.0
2014-12-05,42050.0,1.0
2014-12-08,41325.0,1.0
2014-12-09,41300.0,1.0
2014-12-10,39750.0,1.0
2014-12-11,40362.5,1.0
2014-12-12,38737.5,1.0
2014-12-15,38025.0,1.0
2014-12-16,37500.0,1.0
2014-12-17,39075.0,1.0
2014-12-18,41137.5,1.0
2014-12-19,42337.5,1.0
2014-12-22,42375.0,1.0
2014-12-23,42637.5,1.0
2014-12-24,42600.0,1.0
2014-12-26,43025.0,1.0
2014-12-29,43050.0,1.0
2014-12-30,42462.5,1.0
2014-12-31,41537.5,1.0
2015-01-02,41400.0,1.0
2015-01-05,39425.0,1.0
2015-01-06,38875.0,1.0
2015-01-07,39600.0,1.0
2015-01-08,41375.0,1.0
2015-01-09,40762.5,1.0
2015-01-12,39800.0,1.0
2015-01-13,39587.5,1.0
2015-01-14,38987.5,1.0
2015-01-15,38262.5,1.0
2015-01-16,39275.0,1.0
2015-01-20,39575.0,1.0
2015-01-21,40050.0,1.0
2015-01-22,41550.0,1.0
2015-01-23,41087.5,1.0
2015-01-26,41137.5,1.0
2015-01-27,40062.5,1.0
2015-01-28,38500.0,1.0
2015-01-29,39462.5,1.0
2015-01-30,38312.5,1.0
2015-02-02,39375.0,1.0
2015-02-03,40837.5,1.0
2015-02-04,40437.5,1.0
2015-02-05,41525.0,1.0
2015-02-06,41000.0,1.0
2015-02-09,40862.5,1.0
2015-02-10,41950.0,1.0
2015-02-11,41950.0,1.0
2015-02-12,42925.0,1.0
2015-02-13,43300.0,1.0
2015-02-17,43412.5,1.0
2015-02-18,43400.0,1.0
2015-02-19,43387.5,1.0
2015-02-20,44062.5,1.0
2015-02-23,43925.0,1.0
2015-02-24,44412.5,1.0
2015-02-25,44200.0,1.0
2015-02-26,44125.0,1.0
2015-02-27,43875.0,1.0
2015-03-02,44462.5,1.0
2015-03-03,43925.0,1.0
2015-03-04,43550.0,1.0
2015-03-05,43700.0,1.0
2015-03-06,42050.0,1.0
2015-03-09,42725.0,1.0
2015-03-10,41087.5,1.0
2015-03-11,40700.0,1.0
2015-03-12,41987.5,1.0
2015-03-13,41212.5,1.0
2015-03-16,42700.0,1.0
2015-03-17,42512.5,1.0
2015-03-18,43650.0,1.0
2015-03-19,43125.0,1.0
2015-03-20,44312.5,1.0
2015-03-23,44162.5,1.0
2015-03-24,43425.0,1.0
2015-03-25,41862.5,1.0
2015-03-26,41600.0,1.0
2015-03-27,41737.5,1.0
2015-03-30,43112.5,1.0
2015-03-31,42200.0,1.0
2015-04-01,41525.0,1.0
2015-04-02,42187.5,1.0
2015-04-03,41087.5,1.0
2015-04-06,42812.5,1.0
2015-04-07,42687.5,1.0
2015-04-08,42800.0,1.0
2015-04-09,43300.0,1.0
2015-04-10,43850.0,1.0
2015-04-13,43462.5,1.0
2015-04-14,43575.0,1.0
2015-04-15,44087.5,1.0
2015-04-16,44025.0,1.0
2015-04-17,42850.0,1.0
2015-04-20,43775.0,1.0
2015-04-21,43600.0,1.0
2015-04-22,44162.5,1.0
2015-04-23,44575.0,1.0
2015-04-24,44662.5,1.0
2015-04-27,44187.5,1.0
2015-04-28,44487.5,1.0
2015-04-29,44137.5,1.0
2015-04-30,42875.0,1.0
2015-05-01,44087.5,1.0
2015-05-04,44587.5,1.0
2015-05-05,43350.0,1.0
2015-05-06,42525.0,1.0
2015-05-07,43175.0,1.0
2015-05-08,44675.0,1.0
2015-05-11,44262.5,1.0
2015-05-12,43900.0,1.0
2015-05-13,43825.0,1.0
2015-05-14,44862.5,1.0
2015-05-15,44987.5,1.0
2015-05-18,45425.0,1.0
2015-05-19,45262.5,1.0
2015-05-20,45300.0,1.0
2015-05-21,45625.0,1.0
2015-05-22,45400.0,1.0
2015-05-26,44200.0,1.0
2015-05-27,45225.0,1.0
2015-05-28,45037.5,1.0
2015-05-29,44562.5,1.0
2015-06-01,44637.5,1.0
2015-06-02,44462.5,1.0
2015-06-03,44762.5,1.0
2015-06-04,43737.5,1.0
2015-06-05,43612.5,1.0
2015-06-08,43137.5,1.0
2015-06-09,43000.0,1.0
2015-06-10,44387.5,1.0
2015-06-11,44537.5,1.0
2015-06-12,43800.0,1.0
2015-06-15,43350.0,1.0
2015-06-16,43900.0,1.0
2015-06-17,44162.5,1.0
2015-06-18,45262.5,1.0
2015-06-19,44725.0,1.0
2015-06-22,45262.5,1.0
2015-06-23,45362.5,1.0
2015-06-24,44662.5,1.0
2015-06-25,44287.5,1.0
2015-06-26,44187.5,1.0
2015-06-29,41987.5,1.0
2015-06-30,42362.5,1.0
2015-07-01,42862.5,1.0
2015-07-02,42962.5,1.0
2015-07-06,42400.0,1.0
2015-07-07,43075.0,1.0
2015-07-08,41625.0,1.0
2015-07-09,41950.0,1.0
2015-07-10,43137.5,1.0
2015-07-13,44187.5,1.0
2015-07-14,44687.5,1.0
2015-07-15,44462.5,1.0
2015-07-16,45350.0,1.0
2015-07-17,45500.0,1.0
2015-07-20,45550.0,1.0
2015-07-21,45162.5,1.0
2015-07-22,44712.5,1.0
2015-07-23,44187.5,1.0
2015-07-24,43162.5,1.0
2015-07-27,42412.5,1.0
2015-07-28,43862.5,1.0
2015-07-29,44650.0,1.0
2015-07-30,44662.5,1.0
2015-07-31,44387.5,1.0
2015-08-03,43962.5,1.0
2015-08-04,43812.5,1.0
2015-08-05,44262.5,1.0
2015-08-06,43487.5,1.0
2015-08-07,43062.5,1.0
2015-08-10,44425.0,1.0
2015-08-11,43475.0,1.0
2015-08-12,43587.5,1.0
2015-08-13,43500.0,1.0
2015-08-14,43912.5,1.0
2015-08-17,44387.5,1.0
2015-08-18,44125.0,1.0
2015-08-19,43637.5,1.0
2015-08-20,41562.5,1.0
2015-08-21,38350.0,1.0
2015-08-24,35537.5,1.0
2015-08-25,33500.0,1.0
2015-08-26,36400.0,1.0
2015-08-27,38362.5,1.0
2015-08-28,38400.0,1.0
2015-08-31,38200.0,1.0
2015-09-01,34912.5,1.0
2015-09-02,36375.0,1.0
2015-09-03,36887.5,1.0
2015-09-04,35887.5,1.0
2015-09-08,37762.5,1.0
2015-09-09,36625.0,1.0
2015-09-10,36775.0,1.0
2015-09-11,37262.5,1.0
2015-09-14,37062.5,1.0
2015-09-15,38512.5,1.0
2015-09-16,39262.5,1.0
2015-09-17,39337.5,1.0
2015-09-18,37137.5,1.0
2015-09-21,37712.5,1.0
2015-09-22,36700.0,1.0
2015-09-23,36450.0,1.0
2015-09-24,36100.0,1.0
2015-09-25,36125.0,1.0
2015-09-28,33825.0,1.0
2015-09-29,33350.0,1.0
2015-09-30,35462.5,1.0
2015-10-01,35475.0,1.0
2015-10-02,36875.0,1.0
2015-10-05,38887.5,1.0
2015-10-06,38612.5,1.0
2015-10-07,39250.0,1.0
2015-10-08,40262.5,1.0
2015-10-09,40400.0,1.0
2015-10-13,39775.0,1.0
2015-10-14,39350.0,1.0
2015-10-15,40750.0,1.0
2015-10-16,41187.5,1.0
2015-10-19,41212.5,1.0
2015-10-20,41212.5,1.0
2015-10-21,40737.5,1.0
2015-10-22,42350.0,1.0
2015-10-23,43487.5,1.0
2015-10-26,43250.0,1.0
2015-10-27,42912.5,1.0
2015-10-28,44112.5,1.0
2015-10-29,44287.5,1.0
2015-10-30,44025.0,1.0
2015-11-02,44937.5,1.0
2015-11-03,45162.5,1.0
2015-11-04,44750.0,1.0
2015-11-05,44825.0,1.0
2015-11-06,44587.5,1.0
2015-11-09,43812.5,1.0
2015-11-10,43900.0,1.0
2015-11-12,42275.0,1.0
2015-11-13,41000.0,1.0
2015-11-16,42362.5,1.0
2015-11-17,42487.5,1.0
2015-11-18,43925.0,1.0
2015-11-19,43962.5,1.0
2015-11-20,44387.5,1.0
2015-11-23,44237.5,1.0
2015-11-24,44375.0,1.0
2015-11-25,44425.0,1.0
2015-11-27,44537.5,1.0
2015-11-30,44012.5,1.0
2015-12-01,44950.0,1.0
2015-12-02,43962.5,1.0
2015-12-03,42312.5,1.0
2015-12-04,44512.5,1.0
2015-12-07,43737.5,1.0
2015-12-08,43187.5,1.0
2015-12-09,42362.5,1.0
2015-12-10,42737.5,1.0
2015-12-11,40587.5,1.0
2015-12-14,40800.0,1.0
2015-12-15,42237.5,1.0
2015-12-16,43812.5,1.0
2015-12-17,42512.5,1.0
2015-12-18,40650.0,1.0
2015-12-21,40687.5,1.0
2015-12-22,41850.0,1.0
2015-12-23,43250.0,1.0
2015-12-24,43000.0,1.0
2015-12-28,42737.5,1.0
2015-12-29,44000.0,1.0
2015-12-30,43387.5,1.0
2015-12-31,42512.5,1.0
2016-01-04,40287.5,1.0
2016-01-05,40837.5,1.0
2016-01-06,39512.5,1.0
2016-01-07,37400.0,1.0
2016-01-08,36362.5,1.0
2016-01-11,36425.0,1.0
2016-01-12,37162.5,1.0
2016-01-13,34762.5,1.0
2016-01-14,36375.0,1.0
2016-01-15,34062.5,1.0
2016-01-19,34262.5,1.0
2016-01-20,33125.0,1.0
2016-01-21,33850.0,1.0
2016-01-22,35387.5,1.0
2016-01-25,33950.0,1.0
2016-01-26,35225.0,1.0
2016-01-27,34212.5,1.0
2016-01-28,34750.0,1.0
2016-01-29,36837.5,1.0
2016-02-01,37275.0,1.0
2016-02-02,35175.0,1.0
2016-02-03,35625.0,1.0
2016-02-04,35837.5,1.0
2016-02-05,34012.5,1.0
2016-02-08,32925.0,1.0
2016-02-09,32787.5,1.0
2016-02-10,32875.0,1.0
2016-02-11,32050.0,1.0
2016-02-12,33387.5,1.0
2016-02-16,34787.5,1.0
2016-02-17,36625.0,1.0
2016-02-18,36087.5,1.0
2016-02-19,36075.0,1.0
2016-02-22,37512.5,1.0
2016-02-23,36512.5,1.0
2016-02-24,36662.5,1.0
2016-02-25,37762.5,1.0
2016-02-26,37862.5,1.0
2016-02-29,37287.5,1.0
2016-03-01,39025.0,1.0
2016-03-02,39425.0,1.0
2016-03-03,39950.0,1.0
2016-03-04,40350.0,1.0
2016-03-07,40337.5,1.0
2016-03-08,39500.0,1.0
2016-03-09,39762.5,1.0
2016-03-10,39675.0,1.0
2016-03-11,41475.0,1.0
2016-03-14,41575.0,1.0
2016-03-15,41062.5,1.0
2016-03-16,41937.5,1.0
2016-03-17,42662.5,1.0
2016-03-18,42975.0,1.0
2016-03-21,42962.5,1.0
2016-03-22,43037.5,1.0
2016-03-23,42312.5,1.0
2016-03-24,42212.5,1.0
2016-03-25,42450.0,1.0
2016-03-28,42362.5,1.0
2016-03-29,43162.5,1.0
2016-03-30,43787.5,1.0
2016-03-31,43687.5,1.0
2016-04-01,44250.0,1.0
2016-04-04,43687.5,1.0
2016-04-05,42887.5,1.0
2016-04-06,43812.5,1.0
2016-04-07,42625.0,1.0
2016-04-08,42812.5,1.0
2016-04-11,42775.0,1.0
2016-04-12,43612.5,1.0
2016-04-13,44712.5,1.0
2016-04-14,44800.0,1.0
2016-04-15,44612.5,1.0
2016-04-18,45312.5,1.0
2016-04-19,45575.0,1.0
2016-04-20,45800.0,1.0
2016-04-21,45212.5,1.0
2016-04-22,45200.0,1.0
2016-04-25,44937.5,1.0
2016-04-26,45187.5,1.0
2016-04-27,45625.0,1.0
2016-04-28,44487.5,1.0
2016-04-29,44075.0,1.0
2016-05-02,44750.0,1.0
2016-05-03,43700.0,1.0
2016-05-04,43262.5,1.0
2016-05-05,43100.0,1.0
2016-05-06,43337.5,1.0
2016-05-09,43675.0,1.0
2016-05-10,44862.5,1.0
2016-05-11,44025.0,1.0
2016-05-12,44012.5,1.0
2016-05-13,43100.0,1.0
2016-05-16,44112.5,1.0
2016-05-17,43000.0,1.0
2016-05-18,42937.5,1.0
2016-05-19,42800.0,1.0
2016-05-20,43300.0,1.0
2016-05-23,43287.5,1.0
2016-05-24,44637.5,1.0
2016-05-25,45375.0,1.0
2016-05-26,45375.0,1.0
2016-05-27,45700.0,1.0
2016-05-31,45650.0,1.0
2016-06-01,45825.0,1.0
2016-06-02,45975.0,1.0
2016-06-03,45825.0,1.0
2016-06-06,46425.0,1.0
2016-06-07,46512.5,1.0
2016-06-08,46850.0,1.0
2016-06-09,46712.5,1.0
2016-06-10,45612.5,1.0
2016-06-13,44912.5,1.0
2016-06-14,44600.0,1.0
2016-06-15,44562.5,1.0
2016-06-16,44825.0,1.0
2016-06-17,44462.5,1.0
2016-06-20,45325.0,1.0
2016-06-21,45412.5,1.0
2016-06-22,45275.0,1.0
2016-06-23,46362.5,1.0
2016-06-24,43012.5,1.0
2016-06-27,41025.0,1.0
2016-06-28,42625.0,1.0
2016-06-29,44375.0,1.0
2016-06-30,45562.5,1.0
2016-07-01,46125.0,1.0
2016-07-05,45525.0,1.0
2016-07-06,45937.5,1.0
2016-07-07,45900.0,1.0
2016-07-08,47387.5,1.0
2016-07-11,47925.0,1.0
2016-07-12,48600.0,1.0
2016-07-13,48700.0,1.0
2016-07-14,49225.0,1.0
2016-07-15,49100.0,1.0
2016-07-18,49425.0,1.0
2016-07-19,49175.0,1.0
2016-07-20,49762.5,1.0
2016-07-21,49250.0,1.0
2016-07-22,49787.5,1.0
2016-07-25,49400.0,1.0
2016-07-26,49512.5,1.0
2016-07-27,49512.5,1.0
2016-07-28,49712.5,1.0
2016-07-29,49887.5,1.0
2016-08-01,49562.5,1.0
2016-08-02,48950.0,1.0
2016-08-03,49150.0,1.0
2016-08-04,49312.5,1.0
2016-08-05,50200.0,1.0
2016-08-08,50087.5,1.0
2016-08-09,50225.0,1.0
2016-08-10,49850.0,1.0
2016-08-11,50587.5,1.0
2016-08-12,50387.5,1.0
2016-08-15,50775.0,1.0
2016-08-16,50287.5,1.0
2016-08-17,50337.5,1.0
2016-08-18,50512.5,1.0
2016-08-19,50425.0,1.0
2016-08-22,50375.0,1.0
2016-08-23,50612.5,1.0
2016-08-24,49850.0,1.0
2016-08-25,49850.0,1.0
2016-08-26,49700.0,1.0
2016-08-29,50275.0,1.0
2016-08-30,50062.5,1.0
2016-08-31,49812.5,1.0
2016-09-01,49687.5,1.0
2016-09-02,50287.5,1.0
2016-09-06,50487.5,1.0
2016-09-07,50550.0,1.0
2016-09-08,50387.5,1.0
2016-09-09,47950.0,1.0
2016-09-12,49362.5,1.0
2016-09-13,47562.5,1.0
2016-09-14,47612.5,1.0
2016-09-15,48837.5,1.0
2016-09-16,48325.0,1.0
2016-09-19,48337.5,1.0
2016-09-20,48475.0,1.0
2016-09-21,49500.0,1.0
2016-09-22,50250.0,1.0
2016-09-23,49625.0,1.0
2016-09-26,48662.5,1.0
2016-09-27,49275.0,1.0
2016-09-28,49837.5,1.0
2016-09-29,49087.5,1.0
2016-09-30,50025.0,1.0
2016-10-03,49437.5,1.0
2016-10-04,48862.5,1.0
2016-10-05,49350.0,1.0
2016-10-06,49400.0,1.0
2016-10-07,49100.0,1.0
2016-10-11,48200.0,1.0
2016-10-12,48412.5,1.0
2016-10-13,48050.0,1.0
2016-10-14,48237.5,1.0
2016-10-17,47762.5,1.0
2016-10-18,48387.5,1.0
2016-10-19,48725.0,1.0
2016-10-20,48450.0,1.0
2016-10-21,48412.5,1.0
2016-10-24,48912.5,1.0
2016-10-25,48525.0,1.0
2016-10-26,48450.0,1.0
2016-10-27,48075.0,1.0
2016-10-28,47712.5,1.0
2016-10-31,47762.5,1.0
2016-11-01,46987.5,1.0
2016-11-02,46512.5,1.0
2016-11-03,45750.0,1.0
2016-11-04,45775.0,1.0
2016-11-07,47812.5,1.0
2016-11-08,48700.0,1.0
2016-11-09,49687.5,1.0
2016-11-10,49837.5,1.0
2016-11-14,49600.0,1.0
2016-11-15,50512.5,1.0
2016-11-16,50375.0,1.0
2016-11-17,50862.5,1.0
2016-11-18,50775.0,1.0
2016-11-21,51375.0,1.0
2016-11-22,51762.5,1.0
2016-11-23,51775.0,1.0
2016-11-25,52250.0,1.0
2016-11-28,51687.5,1.0
2016-11-29,51775.0,1.0
2016-11-30,51812.5,1.0
2016-12-01,51050.0,1.0
2016-12-02,51250.0,1.0
2016-12-05,51825.0,1.0
2016-12-06,52137.5,1.0
2016-12-07,53612.5,1.0
2016-12-08,54012.5,1.0
2016-12-09,54575.0,1.0
2016-12-12,54500.0,1.0
2016-12-13,55425.0,1.0
2016-12-14,54650.0,1.0
2016-12-15,54925.0,1.0
2016-12-16,54487.5,1.0
2016-12-19,54750.0,1.0
2016-12-20,55200.0,1.0
2016-12-21,55025.0,1.0
2016-12-22,54700.0,1.0
2016-12-23,54812.5,1.0
2016-12-27,55175.0,1.0
2016-12-28,54162.5,1.0
2016-12-29,54125.0,1.0
2016-12-30,53487.5,1.0
2017-01-03,54362.5,1.0
2017-01-04,55225.0,1.0
2017-01-05,55025.0,1.0
2017-01-06,55662.5,1.0
2017-01-09,55225.0,1.0
2017-01-10,55250.0,1.0
2017-01-11,55362.5,1.0
2017-01-12,55175.0,1.0
2017-01-13,55462.5,1.0
2017-01-17,54962.5,1.0
2017-01-18,55262.5,1.0
2017-01-19,54787.5,1.0
2017-01-20,55125.0,1.0
2017-01-23,55037.5,1.0
2017-01-24,55762.5,1.0
2017-01-25,56637.5,1.0
2017-01-26,56525.0,1.0
2017-01-27,56325.0,1.0
2017-01-30,55612.5,1.0
2017-01-31,55637.5,1.0
2017-02-01,55737.5,1.0
2017-02-02,55725.0,1.0
2017-02-03,56575.0,1.0
2017-02-06,56237.5,1.0
2017-02-07,56275.0,1.0
2017-02-08,56487.5,1.0
2017-02-09,57175.0,1.0
2017-02-10,57587.5,1.0
2017-02-13,58250.0,1.0
2017-02-14,58637.5,1.0
2017-02-15,59300.0,1.0
2017-02-16,59112.5,1.0
2017-02-17,59262.5,1.0
2017-02-21,60137.5,1.0
2017-02-22,59962.5,1.0
2017-02-23,60037.5,1.0
2017-02-24,60050.0,1.0
2017-02-27,60350.0,1.0
2017-02-28,59987.5,1.0
2017-03-01,61875.0,1.0
2017-03-02,60987.5,1.0
2017-03-03,60937.5,1.0
2017-03-06,60812.5,1.0
2017-03-07,60212.5,1.0
2017-03-08,60087.5,1.0
2017-03-09,60200.0,1.0
2017-03-10,60487.5,1.0
2017-03-13,60650.0,1.0
2017-03-14,60187.5,1.0
2017-03-15,61325.0,1.0
2017-03-16,60925.0,1.0
2017-03-17,60887.5,1.0
2017-03-20,60625.0,1.0
2017-03-21,59125.0,1.0
2017-03-22,59362.5,1.0
2017-03-23,59137.5,1.0
2017-03-24,59187.5,1.0
2017-03-27,59112.5,1.0
2017-03-28,59900.0,1.0
2017-03-29,59950.0,1.0
2017-03-30,60312.5,1.0
2017-03-31,60300.0,1.0
2017-04-03,59837.5,1.0
2017-04-04,59875.0,1.0
2017-04-05,59700.0,1.0
2017-04-06,59775.0,1.0
2017-04-07,59750.0,1.0
2017-04-10,59787.5,1.0
2017-04-11,59375.0,1.0
2017-04-12,59125.0,1.0
2017-04-13,58487.5,1.0
2017-04-14,58462.5,1.0
2017-04-17,59275.0,1.0
2017-04-18,59350.0,1.0
2017-04-19,58662.5,1.0
2017-04-20,59887.5,1.0
2017-04-21,59487.5,1.0
2017-04-24,60687.5,1.0
2017-04-25,61462.5,1.0
2017-04-26,61337.5,1.0
2017-04-27,61337.5,1.0
2017-04-28,61050.0,1.0
2017-05-01,61537.5,1.0
2017-05-02,61325.0,1.0
2017-05-03,61275.0,1.0
2017-05-04,61350.0,1.0
2017-05-05,61725.0,1.0
2017-05-08,61700.0,1.0
2017-05-09,61825.0,1.0
2017-05-10,61862.5,1.0
2017-05-11,61700.0,1.0
2017-05-12,61412.5,1.0
2017-05-15,62062.5,1.0
2017-05-16,62000.0,1.0
2017-05-17,60075.0,1.0
2017-05-18,60475.0,1.0
2017-05-19,61000.0,1.0
2017-05-22,61750.0,1.0
2017-05-23,61887.5,1.0
2017-05-24,62212.5,1.0
2017-05-25,62262.5,1.0
2017-05-26,62787.5,1.0
2017-05-30,62762.5,1.0
2017-05-31,62625.0,1.0
2017-06-01,63400.0,1.0
2017-06-02,63550.0,1.0
2017-06-05,63925.0,1.0
2017-06-06,63850.0,1.0
2017-06-07,63812.5,1.0
2017-06-08,63712.5,1.0
2017-06-09,63400.0,1.0
2017-06-12,63312.5,1.0
2017-06-13,64062.5,1.0
2017-06-14,63837.5,1.0
2017-06-15,63587.5,1.0
2017-06-16,63600.0,1.0
2017-06-19,64650.0,1.0
2017-06-20,63962.5,1.0
2017-06-21,63850.0,1.0
2017-06-22,63862.5,1.0
2017-06-23,63875.0,1.0
2017-06-26,64062.5,1.0
2017-06-27,63962.5,1.0
2017-06-28,64075.0,1.0
2017-06-29,63137.5,1.0
2017-06-30,63250.0,1.0
2017-07-03,63425.0,1.0
2017-07-05,63750.0,1.0
2017-07-06,62537.5,1.0
2017-07-07,63387.5,1.0
2017-07-10,63600.0,1.0
2017-07-11,63362.5,1.0
2017-07-12,64312.5,1.0
2017-07-13,64475.0,1.0
2017-07-14,65137.5,1.0
2017-07-17,65000.0,1.0
2017-07-18,65050.0,1.0
2017-07-19,65187.5,1.0
2017-07-20,65787.5,1.0
2017-07-21,65812.5,1.0
2017-07-24,65675.0,1.0
2017-07-25,65887.5,1.0
2017-07-26,65812.5,1.0
2017-07-27,65612.5,1.0
2017-07-28,65662.5,1.0
2017-07-31,65762.5,1.0
2017-08-01,65800.0,1.0
2017-08-02,65800.0,1.0
2017-08-03,65625.0,1.0
2017-08-04,65787.5,1.0
2017-08-07,66037.5,1.0
2017-08-08,65762.5,1.0
2017-08-09,65687.5,1.0
2017-08-10,64075.0,1.0
2017-08-11,64237.5,1.0
2017-08-14,65362.5,1.0
2017-08-15,65512.5,1.0
2017-08-16,65487.5,1.0
2017-08-17,63725.0,1.0
2017-08-18,63687.5,1.0
2017-08-21,63575.0,1.0
2017-08-22,64800.0,1.0
2017-08-23,64450.0,1.0
2017-08-24,64125.0,1.0
2017-08-25,64437.5,1.0
2017-08-28,64287.5,1.0
2017-08-29,64487.5,1.0
2017-08-30,64925.0,1.0
2017-08-31,65787.5,1.0
2017-09-01,66037.5,1.0
2017-09-05,64887.5,1.0
2017-09-06,65175.0,1.0
2017-09-07,65350.0,1.0
2017-09-08,65187.5,1.0
2017-09-11,66475.0,1.0
2017-09-12,66862.5,1.0
2017-09-13,66925.0,1.0
2017-09-14,66912.5,1.0
2017-09-15,67100.0,1.0
2017-09-18,67400.0,1.0
2017-09-19,67537.5,1.0
2017-09-20,67425.0,1.0
2017-09-21,67287.5,1.0
2017-09-22,67250.0,1.0
2017-09-25,66900.0,1.0
2017-09-26,67125.0,1.0
2017-09-27,67612.5,1.0
2017-09-28,67575.0,1.0
2017-09-29,68000.0,1.0
2017-10-02,68462.5,1.0
2017-10-03,68825.0,1.0
2017-10-04,69000.0,1.0
2017-10-05,69737.5,1.0
2017-10-06,69575.0,1.0
2017-10-10,69637.5,1.0
2017-10-11,69900.0,1.0
2017-10-12,69712.5,1.0
2017-10-13,69850.0,1.0
2017-10-16,70025.0,1.0
2017-10-17,70112.5,1.0
2017-10-18,70287.5,1.0
2017-10-19,70125.0,1.0
2017-10-20,70825.0,1.0
2017-10-23,70512.5,1.0
2017-10-24,70562.5,1.0
2017-10-25,69950.0,1.0
2017-10-26,70275.0,1.0
2017-10-27,71162.5,1.0
2017-10-30,70787.5,1.0
2017-10-31,70862.5,1.0
2017-11-01,71125.0,1.0
2017-11-02,71125.0,1.0
2017-11-03,71475.0,1.0
2017-11-06,71725.0,1.0
2017-11-07,71500.0,1.0
2017-11-08,71787.5,1.0
2017-11-09,71350.0,1.0
2017-11-13,71337.5,1.0
2017-11-14,71050.0,1.0
2017-11-15,70575.0,1.0
2017-11-16,71550.0,1.0
2017-11-17,71112.5,1.0
2017-11-20,71300.0,1.0
2017-11-21,72137.5,1.0
2017-11-22,72125.0,1.0
2017-11-27,72362.5,1.0
2017-11-28,73537.5,1.0
2017-11-29,73500.0,1.0
2017-11-30,74537.5,1.0
2017-12-01,74362.5,1.0
2017-12-04,74325.0,1.0
2017-12-05,73775.0,1.0
2017-12-06,73837.5,1.0
2017-12-07,74087.5,1.0
2017-12-08,74700.0,1.0
2017-12-11,75150.0,1.0
2017-12-12,75550.0,1.0
2017-12-13,75637.5,1.0
2017-12-14,75112.5,1.0
2017-12-15,76025.0,1.0
2017-12-18,76875.0,1.0
2017-12-19,76475.0,1.0
2017-12-20,76362.5,1.0
2017-12-21,76675.0,1.0
2017-12-22,76512.5,1.0
2017-12-26,76437.5,1.0
2017-12-27,76275.0,1.0
2017-12-28,76412.5,1.0
2017-12-29,76200.0,1.0
2018-01-02,76812.5,1.0
2018-01-03,77812.5,1.0
2018-01-04,78362.5,1.0
2018-01-05,79125.0,1.0
2018-01-08,79512.5,1.0
2018-01-09,79887.5,1.0
2018-01-10,79537.5,1.0
2018-01-11,80350.0,1.0
2018-01-12,81475.0,1.0
2018-01-16,81225.0,1.0
2018-01-17,82475.0,1.0
2018-01-18,82087.5,1.0
2018-01-19,82650.0,1.0
2018-01-22,83675.0,1.0
2018-01-23,84262.5,1.0
2018-01-24,84275.0,1.0
2018-01-25,84112.5,1.0
2018-01-26,85675.0,1.0
2018-01-29,84750.0,1.0
2018-01-30,83650.0,1.0
2018-01-31,83712.5,1.0
2018-02-01,82975.0,1.0
2018-02-02,80337.5,1.0
2018-02-05,75712.5,1.0
2018-02-06,76662.5,1.0
2018-02-07,77000.0,1.0
2018-02-08,72187.5,1.0
2018-02-09,73112.5,1.0
2018-02-12,74800.0,1.0
2018-02-13,75287.5,1.0
2018-02-14,77087.5,1.0
2018-02-15,78387.5,1.0
2018-02-16,79112.5,1.0
2018-02-20,77725.0,1.0
2018-02-21,78012.5,1.0
2018-02-22,77175.0,1.0
2018-02-23,79337.5,1.0
2018-02-26,81000.0,1.0
2018-02-27,79762.5,1.0
2018-02-28,78300.0,1.0
2018-03-01,75987.5,1.0
2018-03-02,76525.0,1.0
2018-03-05,78487.5,1.0
2018-03-06,78487.5,1.0
2018-03-07,78625.0,1.0
2018-03-08,78575.0,1.0
2018-03-09,81187.5,1.0
2018-03-12,81712.5,1.0
2018-03-13,80137.5,1.0
2018-03-14,79550.0,1.0
2018-03-15,79575.0,1.0
2018-03-16,79937.5,1.0
2018-03-19,77537.5,1.0
2018-03-20,77937.5,1.0
2018-03-21,78150.0,1.0
2018-03-22,74312.5,1.0
2018-03-23,71712.5,1.0
2018-03-26,74900.0,1.0
2018-03-27,72187.5,1.0
2018-03-28,72537.5,1.0
2018-03-29,74375.0,1.0
2018-04-02,70525.0,1.0
2018-04-03,72562.5,1.0
2018-04-04,74025.0,1.0
2018-04-05,75225.0,1.0
2018-04-06,72037.5,1.0
2018-04-09,73337.5,1.0
2018-04-10,74912.5,1.0
2018-04-11,74175.0,1.0
2018-04-12,75337.5,1.0
2018-04-13,74662.5,1.0
2018-04-16,75975.0,1.0
2018-04-17,77487.5,1.0
2018-04-18,77525.0,1.0
2018-04-19,76637.5,1.0
2018-04-20,75200.0,1.0
2018-04-23,75375.0,1.0
2018-04-24,73137.5,1.0
2018-04-25,73500.0,1.0
2018-04-26,75275.0,1.0
2018-04-27,75437.5,1.0
2018-04-30,74762.5,1.0
2018-05-01,74275.0,1.0
2018-05-02,73587.5,1.0
2018-05-03,73250.0,1.0
2018-05-04,75112.5,1.0
2018-05-07,75275.0,1.0
2018-05-08,75225.0,1.0
2018-05-09,76587.5,1.0
2018-05-10,77912.5,1.0
2018-05-11,78175.0,1.0
2018-05-14,78300.0,1.0
2018-05-15,77075.0,1.0
2018-05-16,77900.0,1.0
2018-05-17,77862.5,1.0
2018-05-18,77600.0,1.0
2018-05-21,78450.0,1.0
2018-05-22,78175.0,1.0
2018-05-23,78262.5,1.0
2018-05-24,78187.5,1.0
2018-05-25,77825.0,1.0
2018-05-29,76400.0,1.0
2018-05-30,78062.5,1.0
2018-05-31,77275.0,1.0
2018-06-01,78537.5,1.0
2018-06-04,79212.5,1.0
2018-06-05,79325.0,1.0
2018-06-06,80250.0,1.0
2018-06-07,80375.0,1.0
2018-06-08,80825.0,1.0
2018-06-11,81300.0,1.0
2018-06-12,81100.0,1.0
2018-06-13,80887.5,1.0
2018-06-14,81125.0,1.0
2018-06-15,80787.5,1.0
2018-06-18,80525.0,1.0
2018-06-19,79812.5,1.0
2018-06-20,80362.5,1.0
2018-06-21,79100.0,1.0
2018-06-22,79925.0,1.0
2018-06-25,77662.5,1.0
2018-06-26,78075.0,1.0
2018-06-27,77225.0,1.0
2018-06-28,77625.0,1.0
2018-06-29,78187.5,1.0
2018-07-02,77787.5,1.0
2018-07-03,77350.0,1.0
2018-07-05,78525.0,1.0
2018-07-06,79650.0,1.0
2018-07-09,80962.5,1.0
2018-07-10,81400.0,1.0
2018-07-11,80650.0,1.0
2018-07-12,81550.0,1.0
2018-07-13,81825.0,1.0
2018-07-16,81637.5,1.0
2018-07-17,82387.5,1.0
2018-07-18,82550.0,1.0
2018-07-19,82025.0,1.0
2018-07-20,81900.0,1.0
2018-07-23,82112.5,1.0
2018-07-24,82462.5,1.0
2018-07-25,83725.0,1.0
2018-07-26,83575.0,1.0
2018-07-27,82600.0,1.0
2018-07-30,81800.0,1.0
2018-07-31,82612.5,1.0
2018-08-01,82462.5,1.0
2018-08-02,83100.0,1.0
2018-08-03,83637.5,1.0
2018-08-06,84187.5,1.0
2018-08-07,84637.5,1.0
2018-08-08,84712.5,1.0
2018-08-09,84500.0,1.0
2018-08-10,83375.0,1.0
2018-08-13,82937.5,1.0
2018-08-14,83725.0,1.0
2018-08-15,82775.0,1.0
2018-08-16,83762.5,1.0
2018-08-17,84387.5,1.0
2018-08-20,84725.0,1.0
2018-08-21,84950.0,1.0
2018-08-22,84900.0,1.0
2018-08-23,84462.5,1.0
2018-08-24,85487.5,1.0
2018-08-27,86487.5,1.0
2018-08-28,86525.0,1.0
2018-08-29,87500.0,1.0
2018-08-30,86750.0,1.0
2018-08-31,86737.5,1.0
2018-09-04,86387.5,1.0
2018-09-05,86062.5,1.0
2018-09-06,85750.0,1.0
2018-09-07,85300.0,1.0
2018-09-10,85712.5,1.0
2018-09-11,86087.5,1.0
2018-09-12,86187.5,1.0
2018-09-13,86737.5,1.0
2018-09-14,87000.0,1.0
2018-09-17,86225.0,1.0
2018-09-18,87012.5,1.0
2018-09-19,87187.5,1.0
2018-09-20,88300.0,1.0
2018-09-21,88187.5,1.0
2018-09-24,87650.0,1.0
2018-09-25,87537.5,1.0
2018-09-26,87150.0,1.0
2018-09-27,87387.5,1.0
2018-09-28,87350.0,1.0
2018-10-01,87675.0,1.0
2018-10-02,87850.0,1.0
2018-10-03,87925.0,1.0
2018-10-04,86600.0,1.0
2018-10-05,86087.5,1.0
2018-10-09,85887.5,1.0
2018-10-10,81575.0,1.0
2018-10-11,78737.5,1.0
2018-10-12,80050.0,1.0
2018-10-15,79537.5,1.0
2018-10-16,82062.5,1.0
2018-10-17,81712.5,1.0
2018-10-18,80000.0,1.0
2018-10-19,80300.0,1.0
2018-10-22,79575.0,1.0
2018-10-23,78550.0,1.0
2018-10-24,75287.5,1.0
2018-10-25,76850.0,1.0
2018-10-26,74250.0,1.0
2018-10-29,72162.5,1.0
2018-10-30,75175.0,1.0
2018-10-31,77350.0,1.0
2018-11-01,78375.0,1.0
2018-11-02,77425.0,1.0
2018-11-05,78162.5,1.0
2018-11-06,78662.5,1.0
2018-11-07,81887.5,1.0
2018-11-08,81487.5,1.0
2018-11-09,80787.5,1.0
2018-11-13,77637.5,1.0
2018-11-14,77037.5,1.0
2018-11-15,77712.5,1.0
2018-11-16,78575.0,1.0
2018-11-19,75750.0,1.0
2018-11-20,73725.0,1.0
2018-11-21,74112.5,1.0
2018-11-23,72837.5,1.0
2018-11-26,75050.0,1.0
2018-11-27,75400.0,1.0
2018-11-28,78475.0,1.0
2018-11-29,78737.5,1.0
2018-11-30,79262.5,1.0
2018-12-03,80837.5,1.0
2018-12-04,76600.0,1.0
2018-12-05,77312.5,1.0
2018-12-06,75750.0,1.0
2018-12-07,73187.5,1.0
2018-12-10,73612.5,1.0
2018-12-11,73700.0,1.0
2018-12-12,74500.0,1.0
2018-12-13,74112.5,1.0
2018-12-14,71212.5,1.0
2018-12-17,68475.0,1.0
2018-12-18,68987.5,1.0
2018-12-19,66737.5,1.0
2018-12-20,64725.0,1.0
2018-12-21,62612.5,1.0
2018-12-24,58475.0,1.0
2018-12-26,63887.5,1.0
2018-12-27,64987.5,1.0
2018-12-28,65475.0,1.0
2018-12-31,66462.5,1.0
2019-01-02,66425.0,1.0
2019-01-03,64087.5,1.0
2019-01-04,67875.0,1.0
2019-01-07,69225.0,1.0
2019-01-08,70075.0,1.0
2019-01-09,70625.0,1.0
2019-01-10,71262.5,1.0
2019-01-11,71150.0,1.0
2019-01-14,70550.0,1.0
2019-01-15,71900.0,1.0
2019-01-16,72275.0,1.0
2019-01-17,72987.5,1.0
2019-01-18,74762.5,1.0
2019-01-22,72550.0,1.0
2019-01-23,73200.0,1.0
2019-01-24,73275.0,1.0
2019-01-25,74550.0,1.0
2019-01-28,73350.0,1.0
2019-01-29,73312.5,1.0
2019-01-30,75350.0,1.0
2019-01-31,76350.0,1.0
2019-02-01,76512.5,1.0
2019-02-04,77237.5,1.0
2019-02-05,77575.0,1.0
2019-02-06,77575.0,1.0
2019-02-07,76425.0,1.0
2019-02-08,76312.5,1.0
2019-02-11,76787.5,1.0
2019-02-12,78475.0,1.0
2019-02-13,78750.0,1.0
2019-02-14,78875.0,1.0
2019-02-15,80037.5,1.0
2019-02-19,80587.5,1.0
2019-02-20,80587.5,1.0
2019-02-21,79875.0,1.0
2019-02-22,80100.0,1.0
2019-02-25,80112.5,1.0
2019-02-26,80112.5,1.0
2019-02-27,80112.5,1.0
2019-02-28,80112.5,1.0
2019-03-01,81687.5,1.0
2019-03-04,80887.5,1.0
2019-03-05,80850.0,1.0
2019-03-06,80850.0,1.0
2019-03-07,80850.0,1.0
