,equity,delta
2011-06-01,0.0,0.0
2011-06-02,0.0,0.0
2011-06-03,0.0,0.0
2011-06-06,0.0,0.0
2011-06-07,0.0,0.0
2011-06-08,0.0,0.0
2011-06-09,0.0,0.0
2011-06-10,0.0,0.0
2011-06-13,0.0,0.0
2011-06-14,0.0,0.0
2011-06-15,0.0,0.0
2011-06-16,0.0,0.0
2011-06-17,0.0,0.0
2011-06-20,0.0,0.0
2011-06-21,0.0,0.0
2011-06-22,0.0,0.0
2011-06-23,0.0,0.0
2011-06-24,0.0,0.0
2011-06-27,0.0,0.0
2011-06-28,0.0,0.0
2011-06-29,0.0,0.0
2011-06-30,0.0,0.0
2011-07-01,0.0,0.0
2011-07-05,0.0,0.0
2011-07-06,0.0,0.0
2011-07-07,0.0,0.0
2011-07-08,0.0,0.0
2011-07-11,0.0,0.0
2011-07-12,0.0,0.0
2011-07-13,0.0,0.0
2011-07-14,0.0,0.0
2011-07-15,0.0,0.0
2011-07-18,0.0,0.0
2011-07-19,0.0,0.0
2011-07-20,0.0,0.0
2011-07-21,0.0,0.0
2011-07-22,0.0,0.0
2011-07-25,0.0,0.0
2011-07-26,0.0,0.0
2011-07-27,0.0,0.0
2011-07-28,0.0,0.0
2011-07-29,0.0,0.0
2011-08-01,0.0,0.0
2011-08-02,0.0,0.0
2011-08-03,0.0,0.0
2011-08-04,0.0,0.0
2011-08-05,0.0,0.0
2011-08-08,0.0,0.0
2011-08-09,0.0,0.0
2011-08-10,0.0,0.0
2011-08-11,0.0,0.0
2011-08-12,0.0,0.0
2011-08-15,0.0,0.0
2011-08-16,0.0,0.0
2011-08-17,0.0,0.0
2011-08-18,0.0,0.0
2011-08-19,0.0,0.0
2011-08-22,0.0,0.0
2011-08-23,0.0,0.0
2011-08-24,0.0,0.0
2011-08-25,0.0,0.0
2011-08-26,0.0,0.0
2011-08-29,0.0,0.0
2011-08-30,0.0,0.0
2011-08-31,0.0,0.0
2011-09-01,0.0,0.0
2011-09-02,0.0,0.0
2011-09-06,0.0,0.0
2011-09-07,0.0,0.0
2011-09-08,0.0,0.0
2011-09-09,0.0,0.0
2011-09-12,0.0,0.0
2011-09-13,0.0,0.0
2011-09-14,0.0,0.0
2011-09-15,0.0,0.0
2011-09-16,0.0,0.0
2011-09-19,0.0,0.0
2011-09-20,0.0,0.0
2011-09-21,0.0,0.0
2011-09-22,0.0,0.0
2011-09-23,0.0,0.0
2011-09-26,0.0,0.0
2011-09-27,0.0,0.0
2011-09-28,0.0,0.0
2011-09-29,0.0,0.0
2011-09-30,0.0,0.0
2011-10-03,0.0,0.0
2011-10-04,0.0,0.0
2011-10-05,0.0,0.0
2011-10-06,0.0,0.0
2011-10-07,0.0,0.0
2011-10-11,0.0,0.0
2011-10-12,0.0,0.0
2011-10-13,0.0,0.0
2011-10-14,0.0,0.0
2011-10-17,0.0,0.0
2011-10-18,0.0,0.0
2011-10-19,0.0,0.0
2011-10-20,0.0,0.0
2011-10-21,0.0,0.0
2011-10-24,0.0,0.0
2011-10-25,0.0,0.0
2011-10-26,0.0,0.0
2011-10-27,0.0,0.0
2011-10-28,0.0,0.0
2011-10-31,0.0,0.0
2011-11-01,0.0,0.0
2011-11-02,0.0,0.0
2011-11-03,0.0,0.0
2011-11-04,0.0,0.0
2011-11-07,0.0,0.0
2011-11-08,0.0,0.0
2011-11-09,0.0,0.0
2011-11-10,0.0,0.0
2011-11-14,0.0,0.0
2011-11-15,0.0,0.0
2011-11-16,0.0,0.0
2011-11-17,0.0,0.0
2011-11-18,0.0,0.0
2011-11-21,0.0,0.0
2011-11-22,0.0,0.0
2011-11-23,0.0,0.0
2011-11-25,0.0,0.0
2011-11-28,-3.0,1.0
2011-11-29,706.5,0.0
2011-11-30,703.5,1.0
2011-12-01,791.0,1.0
2011-12-02,778.5,1.0
2011-12-05,1175.5,0.0
2011-12-06,1175.5,0.0
2011-12-07,1175.5,0.0
2011-12-08,1175.5,0.0
2011-12-09,1175.5,0.0
2011-12-12,1172.5,1.0
2011-12-13,594.5,0.0
2011-12-14,591.5,1.0
2011-12-15,801.0,0.0
2011-12-16,801.0,0.0
2011-12-19,801.0,0.0
2011-12-20,801.0,0.0
2011-12-21,801.0,0.0
2011-12-22,801.0,0.0
2011-12-23,801.0,0.0
2011-12-27,801.0,0.0
2011-12-28,801.0,0.0
2011-12-29,798.0,1.0
2011-12-30,648.0,1.0
2012-01-03,1685.5,1.0
2012-01-04,1573.0,1.0
2012-01-05,1748.0,1.0
2012-01-06,1598.0,1.0
2012-01-09,1773.0,1.0
2012-01-10,2257.5,0.0
2012-01-11,2257.5,0.0
2012-01-12,2257.5,0.0
2012-01-13,2257.5,0.0
2012-01-17,2257.5,0.0
2012-01-18,2257.5,0.0
2012-01-19,2257.5,0.0
2012-01-20,2257.5,0.0
2012-01-23,2254.5,1.0
2012-01-24,2042.0,1.0
2012-01-25,2742.0,1.0
2012-01-26,2239.0,0.0
2012-01-27,2239.0,0.0
2012-01-30,2239.0,0.0
2012-01-31,2239.0,0.0
2012-02-01,2239.0,0.0
2012-02-02,2239.0,0.0
2012-02-03,2239.0,0.0
2012-02-06,2239.0,0.0
2012-02-07,2239.0,0.0
2012-02-08,2239.0,0.0
2012-02-09,2239.0,0.0
2012-02-10,2236.0,1.0
2012-02-13,2736.0,1.0
2012-02-14,2611.0,1.0
2012-02-15,2461.0,1.0
2012-02-16,3183.0,0.0
2012-02-17,3183.0,0.0
2012-02-21,3183.0,0.0
2012-02-22,3180.0,1.0
2012-02-23,3442.5,1.0
2012-02-24,3530.0,1.0
2012-02-27,3717.5,1.0
2012-02-28,3905.0,1.0
2012-02-29,3580.0,1.0
2012-03-01,3917.5,1.0
2012-03-02,3780.0,1.0
2012-03-05,3539.5,0.0
2012-03-06,3539.5,0.0
2012-03-07,3539.5,0.0
2012-03-08,3536.5,1.0
2012-03-09,3761.5,1.0
2012-03-12,3733.5,0.0
2012-03-13,3733.5,0.0
2012-03-14,3733.5,0.0
2012-03-15,3733.5,0.0
2012-03-16,3733.5,0.0
2012-03-19,3733.5,0.0
2012-03-20,3733.5,0.0
2012-03-21,3733.5,0.0
2012-03-22,3733.5,0.0
2012-03-23,3733.5,0.0
2012-03-26,3733.5,0.0
2012-03-27,3733.5,0.0
2012-03-28,3733.5,0.0
2012-03-29,3733.5,0.0
2012-03-30,3733.5,0.0
2012-04-02,3733.5,0.0
2012-04-03,3733.5,0.0
2012-04-04,3733.5,0.0
2012-04-05,3733.5,0.0
2012-04-06,3733.5,0.0
2012-04-09,3730.5,1.0
2012-04-10,2543.0,1.0
2012-04-11,2968.0,1.0
2012-04-12,3968.0,1.0
2012-04-13,3255.5,1.0
2012-04-16,3193.0,1.0
2012-04-17,4168.0,1.0
2012-04-18,3918.0,1.0
2012-04-19,3493.0,1.0
2012-04-20,3505.5,1.0
2012-04-23,2893.0,1.0
2012-04-24,3193.0,1.0
2012-04-25,4055.5,1.0
2012-04-26,4630.5,1.0
2012-04-27,4818.0,1.0
2012-04-30,4468.0,1.0
2012-05-01,4977.5,0.0
2012-05-02,4977.5,0.0
2012-05-03,4977.5,0.0
2012-05-04,4977.5,0.0
2012-05-07,4977.5,0.0
2012-05-08,4977.5,0.0
2012-05-09,4977.5,0.0
2012-05-10,4974.5,1.0
2012-05-11,4799.5,1.0
2012-05-14,4059.0,0.0
2012-05-15,4059.0,0.0
2012-05-16,4059.0,0.0
2012-05-17,4059.0,0.0
2012-05-18,4056.0,1.0
2012-05-21,5131.0,1.0
2012-05-22,5056.0,1.0
2012-05-23,5318.5,1.0
2012-05-24,5306.0,1.0
2012-05-25,5268.5,1.0
2012-05-29,6043.5,1.0
2012-05-30,5156.0,1.0
2012-05-31,5181.0,1.0
2012-06-01,3381.0,1.0
2012-06-04,3281.0,1.0
2012-06-05,3331.0,1.0
2012-06-06,3331.0,1.0
2012-06-07,5293.5,1.0
2012-06-08,5706.0,1.0
2012-06-11,5218.5,1.0
2012-06-12,5668.5,1.0
2012-06-13,5112.5,1.0
2012-06-14,6000.0,1.0
2012-06-15,6537.5,1.0
2012-06-18,6712.5,1.0
2012-06-19,7425.0,1.0
2012-06-20,7209.5,0.0
2012-06-21,7209.5,0.0
2012-06-22,7209.5,0.0
2012-06-25,7209.5,0.0
2012-06-26,7209.5,0.0
2012-06-27,7206.5,1.0
2012-06-28,6931.5,1.0
2012-06-29,8519.0,1.0
2012-07-02,8744.0,1.0
2012-07-03,9269.0,1.0
2012-07-05,9041.0,0.0
2012-07-06,9041.0,0.0
2012-07-09,9038.0,1.0
2012-07-10,8400.5,1.0
2012-07-11,8560.0,0.0
2012-07-12,8560.0,0.0
2012-07-13,8560.0,0.0
2012-07-16,8560.0,0.0
2012-07-17,8560.0,0.0
2012-07-18,8560.0,0.0
2012-07-19,8557.0,1.0
2012-07-20,7869.5,1.0
2012-07-23,7266.5,0.0
2012-07-24,7266.5,0.0
2012-07-25,7263.5,1.0
2012-07-26,8573.0,0.0
2012-07-27,8570.0,1.0
2012-07-30,8370.0,1.0
2012-07-31,8179.5,0.0
2012-08-01,8179.5,0.0
2012-08-02,8179.5,0.0
2012-08-03,8179.5,0.0
2012-08-06,8179.5,0.0
2012-08-07,8179.5,0.0
2012-08-08,8179.5,0.0
2012-08-09,8179.5,0.0
2012-08-10,8179.5,0.0
2012-08-13,8179.5,0.0
2012-08-14,8179.5,0.0
2012-08-15,8176.5,1.0
2012-08-16,8689.0,1.0
2012-08-17,8701.5,1.0
2012-08-20,8726.5,1.0
2012-08-21,8514.0,1.0
2012-08-22,8526.5,1.0
2012-08-23,8051.5,1.0
2012-08-24,8564.0,1.0
2012-08-27,8401.5,1.0
2012-08-28,8439.0,1.0
2012-08-29,8501.5,1.0
2012-08-30,7989.0,1.0
2012-08-31,8198.5,0.0
2012-09-04,8198.5,0.0
2012-09-05,8198.5,0.0
2012-09-06,8195.5,1.0
2012-09-07,8495.5,1.0
2012-09-10,8158.0,1.0
2012-09-11,8345.5,1.0
2012-09-12,8442.5,0.0
2012-09-13,8442.5,0.0
2012-09-14,8442.5,0.0
2012-09-17,8442.5,0.0
2012-09-18,8442.5,0.0
2012-09-19,8442.5,0.0
2012-09-20,8442.5,0.0
2012-09-21,8442.5,0.0
2012-09-24,8442.5,0.0
2012-09-25,8442.5,0.0
2012-09-26,8442.5,0.0
2012-09-27,8442.5,0.0
2012-09-28,8442.5,0.0
2012-10-01,8439.5,1.0
2012-10-02,8489.5,1.0
2012-10-03,8811.5,0.0
2012-10-04,8808.5,1.0
2012-10-05,8708.5,1.0
2012-10-09,7943.0,0.0
2012-10-10,7940.0,1.0
2012-10-11,8027.5,1.0
2012-10-12,7777.5,1.0
2012-10-15,8299.5,0.0
2012-10-16,8296.5,1.0
2012-10-17,8659.0,1.0
2012-10-18,8546.5,1.0
2012-10-19,7343.5,0.0
2012-10-22,7343.5,0.0
2012-10-23,7343.5,0.0
2012-10-24,7343.5,0.0
2012-10-25,7340.5,1.0
2012-10-26,7390.5,1.0
2012-10-29,7153.0,1.0
2012-10-30,7575.0,0.0
2012-10-31,7572.0,1.0
2012-11-01,8284.5,1.0
2012-11-02,6084.5,1.0
2012-11-05,7956.5,0.0
2012-11-06,7953.5,1.0
2012-11-07,6628.5,1.0
2012-11-08,5713.0,0.0
2012-11-09,5713.0,0.0
2012-11-13,5713.0,0.0
2012-11-14,5710.0,1.0
2012-11-15,4210.0,1.0
2012-11-16,5935.0,1.0
2012-11-19,7085.0,1.0
2012-11-20,7185.0,1.0
2012-11-21,7447.5,1.0
2012-11-23,8297.5,1.0
2012-11-26,8135.0,1.0
2012-11-27,7897.5,1.0
2012-11-28,8410.0,1.0
2012-11-29,8797.5,1.0
2012-11-30,8685.0,1.0
2012-12-03,8544.5,0.0
2012-12-04,8541.5,1.0
2012-12-05,8679.0,1.0
2012-12-06,8791.5,1.0
2012-12-07,9041.5,1.0
2012-12-10,9179.0,1.0
2012-12-11,9566.5,1.0
2012-12-12,9554.0,1.0
2012-12-13,9304.0,1.0
2012-12-14,8916.5,1.0
2012-12-17,9579.0,1.0
2012-12-18,10391.5,1.0
2012-12-19,10223.0,1.0
2012-12-20,10248.0,1.0
2012-12-21,9610.5,1.0
2012-12-24,9398.0,1.0
2012-12-26,9185.5,1.0
2012-12-27,9148.0,1.0
2012-12-28,8335.5,1.0
2012-12-31,9235.5,1.0
2013-01-02,10960.5,1.0
2013-01-03,11048.0,1.0
2013-01-04,11457.5,0.0
2013-01-07,11454.5,1.0
2013-01-08,11167.0,1.0
2013-01-09,11392.0,1.0
2013-01-10,11992.0,1.0
2013-01-11,12014.0,0.0
2013-01-14,12014.0,0.0
2013-01-15,12014.0,0.0
2013-01-16,12011.0,1.0
2013-01-17,12548.5,1.0
2013-01-18,12586.0,1.0
2013-01-22,12923.5,1.0
2013-01-23,13111.0,1.0
2013-01-24,13248.5,1.0
2013-01-25,13386.0,1.0
2013-01-28,13486.0,1.0
2013-01-29,13848.5,1.0
2013-01-30,13498.5,1.0
2013-01-31,13373.5,1.0
2013-02-01,14098.5,1.0
2013-02-04,13258.0,0.0
2013-02-05,13258.0,0.0
2013-02-06,13258.0,0.0
2013-02-07,13258.0,0.0
2013-02-08,13255.0,1.0
2013-02-11,13330.0,1.0
2013-02-12,13392.5,1.0
2013-02-13,13392.5,1.0
2013-02-14,13555.0,1.0
2013-02-15,13455.0,1.0
2013-02-19,13977.0,0.0
2013-02-20,13977.0,0.0
2013-02-21,13977.0,0.0
2013-02-22,13977.0,0.0
2013-02-25,13977.0,0.0
2013-02-26,13974.0,1.0
2013-02-27,14999.0,1.0
2013-02-28,15061.5,1.0
2013-03-01,14924.0,1.0
2013-03-04,15236.5,1.0
2013-03-05,16111.5,1.0
2013-03-06,16099.0,1.0
2013-03-07,16299.0,1.0
2013-03-08,16683.5,0.0
2013-03-11,16683.5,0.0
2013-03-12,16683.5,0.0
2013-03-13,16683.5,0.0
2013-03-14,16683.5,0.0
2013-03-15,16683.5,0.0
2013-03-18,16683.5,0.0
2013-03-19,16683.5,0.0
2013-03-20,16683.5,0.0
2013-03-21,16683.5,0.0
2013-03-22,16680.5,1.0
2013-03-25,16430.5,1.0
2013-03-26,17180.5,1.0
2013-03-27,17140.0,0.0
2013-03-28,17140.0,0.0
2013-03-29,17140.0,0.0
2013-04-01,17140.0,0.0
2013-04-02,17140.0,0.0
2013-04-03,17140.0,0.0
2013-04-04,17140.0,0.0
2013-04-05,17140.0,0.0
2013-04-08,17140.0,0.0
2013-04-09,17140.0,0.0
2013-04-10,17140.0,0.0
2013-04-11,17140.0,0.0
2013-04-12,17140.0,0.0
2013-04-15,17140.0,0.0
2013-04-16,17140.0,0.0
2013-04-17,17140.0,0.0
2013-04-18,17140.0,0.0
2013-04-19,17140.0,0.0
2013-04-22,17140.0,0.0
2013-04-23,17137.0,1.0
2013-04-24,17237.0,1.0
2013-04-25,17596.5,0.0
2013-04-26,17596.5,0.0
2013-04-29,17596.5,0.0
2013-04-30,17596.5,0.0
2013-05-01,17596.5,0.0
2013-05-02,17596.5,0.0
2013-05-03,17596.5,0.0
2013-05-06,17596.5,0.0
2013-05-07,17596.5,0.0
2013-05-08,17596.5,0.0
2013-05-09,17596.5,0.0
2013-05-10,17596.5,0.0
2013-05-13,17596.5,0.0
2013-05-14,17596.5,0.0
2013-05-15,17596.5,0.0
2013-05-16,17596.5,0.0
2013-05-17,17596.5,0.0
2013-05-20,17596.5,0.0
2013-05-21,17596.5,0.0
2013-05-22,17596.5,0.0
2013-05-23,17596.5,0.0
2013-05-24,17596.5,0.0
2013-05-28,17596.5,0.0
2013-05-29,17593.5,1.0
2013-05-30,18018.5,1.0
2013-05-31,17153.0,0.0
2013-06-03,17153.0,0.0
2013-06-04,17153.0,0.0
2013-06-05,17153.0,0.0
2013-06-06,17153.0,0.0
2013-06-07,17150.0,1.0
2013-06-10,17287.5,1.0
2013-06-11,16425.0,1.0
2013-06-12,15834.5,0.0
2013-06-13,15834.5,0.0
2013-06-14,15831.5,1.0
2013-06-17,16456.5,1.0
2013-06-18,17131.5,1.0
2013-06-19,16238.0,1.0
2013-06-20,16238.0,1.0
2013-06-21,16238.0,1.0
2013-06-24,16235.0,0.0
2013-06-25,16235.0,0.0
2013-06-26,16232.0,1.0
2013-06-27,16232.0,1.0
2013-06-28,16232.0,1.0
2013-07-01,16229.0,0.0
2013-07-02,16229.0,0.0
2013-07-03,16229.0,0.0
2013-07-05,16229.0,0.0
2013-07-08,16229.0,0.0
2013-07-09,16229.0,0.0
2013-07-10,16229.0,0.0
2013-07-11,16229.0,0.0
2013-07-12,16229.0,0.0
2013-07-15,16229.0,0.0
2013-07-16,16229.0,0.0
2013-07-17,16229.0,0.0
2013-07-18,16229.0,0.0
2013-07-19,16229.0,0.0
2013-07-22,16229.0,0.0
2013-07-23,16229.0,0.0
2013-07-24,16229.0,0.0
2013-07-25,16229.0,0.0
2013-07-26,16229.0,0.0
2013-07-29,16229.0,0.0
2013-07-30,16229.0,0.0
2013-07-31,16229.0,0.0
2013-08-01,16229.0,0.0
2013-08-02,16229.0,0.0
2013-08-05,16229.0,0.0
2013-08-06,16229.0,0.0
2013-08-07,16229.0,0.0
2013-08-08,16229.0,0.0
2013-08-09,16226.0,1.0
2013-08-12,16123.0,0.0
2013-08-13,16123.0,0.0
2013-08-14,16123.0,0.0
2013-08-15,16123.0,0.0
2013-08-16,16123.0,0.0
2013-08-19,16123.0,0.0
2013-08-20,16123.0,0.0
2013-08-21,16123.0,0.0
2013-08-22,16123.0,0.0
2013-08-23,16123.0,0.0
2013-08-26,16120.0,1.0
2013-08-27,14645.0,1.0
2013-08-28,15020.0,1.0
2013-08-29,15057.5,1.0
2013-08-30,14620.0,1.0
2013-09-03,15132.5,1.0
2013-09-04,15782.5,1.0
2013-09-05,15895.0,1.0
2013-09-06,16057.5,1.0
2013-09-09,16707.5,1.0
2013-09-10,17282.5,1.0
2013-09-11,17479.5,0.0
2013-09-12,17479.5,0.0
2013-09-13,17479.5,0.0
2013-09-16,17479.5,0.0
2013-09-17,17476.5,1.0
2013-09-18,18520.5,1.0
2013-09-19,18420.5,1.0
2013-09-20,17780.0,0.0
2013-09-23,17780.0,0.0
2013-09-24,17780.0,0.0
2013-09-25,17780.0,0.0
2013-09-26,17777.0,1.0
2013-09-27,17539.5,1.0
2013-09-30,17011.5,0.0
2013-10-01,17008.5,1.0
2013-10-02,17046.0,1.0
2013-10-03,16568.0,0.0
2013-10-04,16568.0,0.0
2013-10-07,16565.0,1.0
2013-10-08,15652.5,1.0
2013-10-09,15515.0,1.0
2013-10-10,17215.0,1.0
2013-10-11,17652.5,1.0
2013-10-15,17590.0,1.0
2013-10-16,18627.5,1.0
2013-10-17,19265.0,1.0
2013-10-18,19790.0,1.0
2013-10-21,19815.0,1.0
2013-10-22,20437.0,0.0
2013-10-23,20437.0,0.0
2013-10-24,20437.0,0.0
2013-10-25,20434.0,1.0
2013-10-28,20571.5,1.0
2013-10-29,21046.5,1.0
2013-10-30,20793.5,0.0
2013-10-31,20793.5,0.0
2013-11-01,20793.5,0.0
2013-11-04,20790.5,1.0
2013-11-05,20712.5,0.0
2013-11-06,20712.5,0.0
2013-11-07,20709.5,1.0
2013-11-08,21759.5,1.0
2013-11-12,21719.0,0.0
2013-11-13,21719.0,0.0
2013-11-14,21719.0,0.0
2013-11-15,21719.0,0.0
2013-11-18,21719.0,0.0
2013-11-19,21719.0,0.0
2013-11-20,21719.0,0.0
2013-11-21,21716.0,1.0
2013-11-22,22203.5,1.0
2013-11-25,22066.0,1.0
2013-11-26,22253.5,1.0
2013-11-27,22366.0,1.0
2013-11-29,22253.5,1.0
2013-12-02,22003.5,1.0
2013-12-03,21600.5,0.0
2013-12-04,21600.5,0.0
2013-12-05,21597.5,1.0
2013-12-06,22519.5,0.0
2013-12-09,22519.5,0.0
2013-12-10,22516.5,1.0
2013-12-11,21388.5,0.0
2013-12-12,21388.5,0.0
2013-12-13,21388.5,0.0
2013-12-16,21388.5,0.0
2013-12-17,21385.5,1.0
2013-12-18,22792.0,1.0
2013-12-19,22729.5,1.0
2013-12-20,23304.5,1.0
2013-12-23,23692.0,1.0
2013-12-24,24064.0,0.0
2013-12-26,24064.0,0.0
2013-12-27,24064.0,0.0
2013-12-30,24064.0,0.0
2013-12-31,24064.0,0.0
2014-01-02,24064.0,0.0
2014-01-03,24064.0,0.0
2014-01-06,24064.0,0.0
2014-01-07,24064.0,0.0
2014-01-08,24061.0,1.0
2014-01-09,24161.0,1.0
2014-01-10,24336.0,1.0
2014-01-13,23086.0,1.0
2014-01-14,24158.0,0.0
2014-01-15,24155.0,1.0
2014-01-16,23917.5,1.0
2014-01-17,23527.0,0.0
2014-01-21,23527.0,0.0
2014-01-22,23527.0,0.0
2014-01-23,23527.0,0.0
2014-01-24,23527.0,0.0
2014-01-27,23527.0,0.0
2014-01-28,23527.0,0.0
2014-01-29,23524.0,1.0
2014-01-30,24461.5,1.0
2014-01-31,23886.5,1.0
2014-02-03,21746.0,0.0
2014-02-04,21743.0,1.0
2014-02-05,21655.5,1.0
2014-02-06,22655.5,1.0
2014-02-07,23893.0,1.0
2014-02-10,23930.5,1.0
2014-02-11,25080.5,1.0
2014-02-12,25005.5,1.0
2014-02-13,25493.0,1.0
2014-02-14,25955.5,1.0
2014-02-18,26105.5,1.0
2014-02-19,25502.5,0.0
2014-02-20,25502.5,0.0
2014-02-21,25499.5,1.0
2014-02-24,26099.5,1.0
2014-02-25,25662.0,1.0
2014-02-26,25774.5,1.0
2014-02-27,26199.5,1.0
2014-02-28,26449.5,1.0
2014-03-03,25787.0,1.0
2014-03-04,27337.0,1.0
2014-03-05,27249.5,1.0
2014-03-06,27499.5,1.0
2014-03-07,27387.0,1.0
2014-03-10,27487.0,1.0
2014-03-11,26899.5,1.0
2014-03-12,26912.0,1.0
2014-03-13,26049.5,1.0
2014-03-14,25774.5,1.0
2014-03-17,26487.0,1.0
2014-03-18,27184.0,0.0
2014-03-19,27184.0,0.0
2014-03-20,27184.0,0.0
2014-03-21,27184.0,0.0
2014-03-24,27184.0,0.0
2014-03-25,27181.0,1.0
2014-03-26,26681.0,1.0
2014-03-27,26318.5,1.0
2014-03-28,26693.5,1.0
2014-03-31,27531.0,1.0
2014-04-01,28068.5,1.0
2014-04-02,28468.5,1.0
2014-04-03,28356.0,1.0
2014-04-04,27203.0,0.0
2014-04-07,27203.0,0.0
2014-04-08,27203.0,0.0
2014-04-09,27203.0,0.0
2014-04-10,27203.0,0.0
2014-04-11,27203.0,0.0
2014-04-14,27203.0,0.0
2014-04-15,27200.0,1.0
2014-04-16,28162.5,1.0
2014-04-17,28512.5,1.0
2014-04-18,28350.0,1.0
2014-04-21,28675.0,1.0
2014-04-22,29187.5,1.0
2014-04-23,28947.0,0.0
2014-04-24,28947.0,0.0
2014-04-25,28947.0,0.0
2014-04-28,28944.0,1.0
2014-04-29,29228.5,0.0
2014-04-30,29228.5,0.0
2014-05-01,29225.5,1.0
2014-05-02,29200.5,1.0
2014-05-05,29350.5,1.0
2014-05-06,28700.5,1.0
2014-05-07,29113.0,1.0
2014-05-08,28975.5,1.0
2014-05-09,29197.5,0.0
2014-05-12,29194.5,1.0
2014-05-13,29269.5,1.0
2014-05-14,28794.5,1.0
2014-05-15,27991.5,0.0
2014-05-16,27991.5,0.0
2014-05-19,27991.5,0.0
2014-05-20,27991.5,0.0
2014-05-21,27991.5,0.0
2014-05-22,27991.5,0.0
2014-05-23,27988.5,1.0
2014-05-27,28538.5,1.0
2014-05-28,28585.5,0.0
2014-05-29,28585.5,0.0
2014-05-30,28582.5,1.0
2014-06-02,28717.0,0.0
2014-06-03,28717.0,0.0
2014-06-04,28717.0,0.0
2014-06-05,28717.0,0.0
2014-06-06,28717.0,0.0
2014-06-09,28717.0,0.0
2014-06-10,28717.0,0.0
2014-06-11,28717.0,0.0
2014-06-12,28717.0,0.0
2014-06-13,28717.0,0.0
2014-06-16,28714.0,1.0
2014-06-17,29064.0,1.0
2014-06-18,29730.0,0.0
2014-06-19,29730.0,0.0
2014-06-20,29730.0,0.0
2014-06-23,29727.0,1.0
2014-06-24,29177.0,1.0
2014-06-25,29689.5,1.0
2014-06-26,29502.0,1.0
2014-06-27,29652.0,1.0
2014-06-30,29614.5,1.0
2014-07-01,30511.5,0.0
2014-07-02,30511.5,0.0
2014-07-03,30511.5,0.0
2014-07-07,30511.5,0.0
2014-07-08,30511.5,0.0
2014-07-09,30511.5,0.0
2014-07-10,30511.5,0.0
2014-07-11,30511.5,0.0
2014-07-14,30511.5,0.0
2014-07-15,30511.5,0.0
2014-07-16,30511.5,0.0
2014-07-17,30511.5,0.0
2014-07-18,30511.5,0.0
2014-07-21,30511.5,0.0
2014-07-22,30511.5,0.0
2014-07-23,30511.5,0.0
2014-07-24,30511.5,0.0
2014-07-25,30511.5,0.0
2014-07-28,30511.5,0.0
2014-07-29,30508.5,1.0
2014-07-30,30508.5,1.0
2014-07-31,28618.0,0.0
2014-08-01,28615.0,1.0
2014-08-04,29402.5,1.0
2014-08-05,28402.5,1.0
2014-08-06,28390.0,1.0
2014-08-07,27777.5,1.0
2014-08-08,28965.0,1.0
2014-08-11,29215.0,1.0
2014-08-12,29140.0,1.0
2014-08-13,29765.0,1.0
2014-08-14,30140.0,1.0
2014-08-15,30115.0,1.0
2014-08-18,30965.0,1.0
2014-08-19,31540.0,1.0
2014-08-20,31877.5,1.0
2014-08-21,32115.0,1.0
2014-08-22,31890.0,1.0
2014-08-25,32424.5,0.0
2014-08-26,32424.5,0.0
2014-08-27,32421.5,1.0
2014-08-28,32359.0,1.0
2014-08-29,32593.5,0.0
2014-09-02,32593.5,0.0
2014-09-03,32593.5,0.0
2014-09-04,32593.5,0.0
2014-09-05,32593.5,0.0
2014-09-08,32590.5,1.0
2014-09-09,31853.0,1.0
2014-09-10,32253.0,1.0
2014-09-11,32328.0,1.0
2014-09-12,31750.0,0.0
2014-09-15,31747.0,1.0
2014-09-16,32547.0,1.0
2014-09-17,32591.0,1.0
2014-09-18,33128.5,1.0
2014-09-19,33228.5,1.0
2014-09-22,32303.5,1.0
2014-09-23,31913.0,0.0
2014-09-24,31913.0,0.0
2014-09-25,31910.0,1.0
2014-09-26,32532.0,0.0
2014-09-29,32532.0,0.0
2014-09-30,32532.0,0.0
2014-10-01,32529.0,1.0
2014-10-02,32266.5,1.0
2014-10-03,33501.0,0.0
2014-10-06,33498.0,1.0
2014-10-07,32198.0,1.0
2014-10-08,33685.5,1.0
2014-10-09,31795.0,0.0
2014-10-10,31795.0,0.0
2014-10-14,31795.0,0.0
2014-10-15,31792.0,1.0
2014-10-16,31742.0,1.0
2014-10-17,33079.5,1.0
2014-10-20,33654.5,1.0
2014-10-21,35479.5,1.0
2014-10-22,34917.0,1.0
2014-10-23,36129.5,1.0
2014-10-24,36667.0,1.0
2014-10-27,36542.0,1.0
2014-10-28,37576.5,0.0
2014-10-29,37576.5,0.0
2014-10-30,37573.5,1.0
2014-10-31,38748.5,1.0
2014-11-03,38798.5,1.0
2014-11-04,38573.5,1.0
2014-11-05,39086.0,1.0
2014-11-06,39561.0,1.0
2014-11-07,39548.5,1.0
2014-11-10,39886.0,1.0
2014-11-12,40086.0,1.0
2014-11-13,40111.0,1.0
2014-11-14,40073.5,1.0
2014-11-17,40198.5,1.0
2014-11-18,40823.5,1.0
2014-11-19,40561.0,1.0
2014-11-20,40773.5,1.0
2014-11-21,41361.0,1.0
2014-11-24,41611.0,1.0
2014-11-25,41611.0,1.0
2014-11-26,41798.5,1.0
2014-11-28,41595.5,0.0
2014-12-01,41595.5,0.0
2014-12-02,41595.5,0.0
2014-12-03,41592.5,1.0
2014-12-04,41342.5,1.0
2014-12-05,41505.0,1.0
2014-12-08,40777.0,0.0
2014-12-09,40777.0,0.0
2014-12-10,40774.0,1.0
2014-12-11,41386.5,1.0
2014-12-12,39761.5,1.0
2014-12-15,39049.0,1.0
2014-12-16,38524.0,1.0
2014-12-17,40093.0,1.0
2014-12-18,42155.5,1.0
2014-12-19,43355.5,1.0
2014-12-22,43393.0,1.0
2014-12-23,43655.5,1.0
2014-12-24,43618.0,1.0
2014-12-26,44043.0,1.0
2014-12-29,44065.0,0.0
2014-12-30,44065.0,0.0
2014-12-31,44065.0,0.0
2015-01-02,44065.0,0.0
2015-01-05,44065.0,0.0
2015-01-06,44065.0,0.0
2015-01-07,44065.0,0.0
2015-01-08,44062.0,1.0
2015-01-09,43449.5,1.0
2015-01-12,42487.0,1.0
2015-01-13,42271.5,0.0
2015-01-14,42271.5,0.0
2015-01-15,42271.5,0.0
2015-01-16,42268.5,1.0
2015-01-20,42568.5,1.0
2015-01-21,43043.5,1.0
2015-01-22,44543.5,1.0
2015-01-23,44081.0,1.0
2015-01-26,44131.0,1.0
2015-01-27,43056.0,1.0
2015-01-28,41490.5,0.0
2015-01-29,41490.5,0.0
2015-01-30,41487.5,1.0
2015-02-02,42547.0,0.0
2015-02-03,42544.0,1.0
2015-02-04,42144.0,1.0
2015-02-05,43231.5,1.0
2015-02-06,42706.5,1.0
2015-02-09,42569.0,1.0
2015-02-10,43656.5,1.0
2015-02-11,43656.5,1.0
2015-02-12,44631.5,1.0
2015-02-13,45006.5,1.0
2015-02-17,45119.0,1.0
2015-02-18,45106.5,1.0
2015-02-19,45094.0,1.0
2015-02-20,45769.0,1.0
2015-02-23,45631.5,1.0
2015-02-24,46116.0,0.0
2015-02-25,46113.0,1.0
2015-02-26,46038.0,1.0
2015-02-27,45788.0,1.0
2015-03-02,46375.5,1.0
2015-03-03,45838.0,1.0
2015-03-04,45463.0,1.0
2015-03-05,45610.0,0.0
2015-03-06,45610.0,0.0
2015-03-09,45607.0,1.0
2015-03-10,43969.5,1.0
2015-03-11,43582.0,1.0
2015-03-12,44869.5,1.0
2015-03-13,44094.5,1.0
2015-03-16,45582.0,1.0
2015-03-17,45394.5,1.0
2015-03-18,46526.0,1.0
2015-03-19,46001.0,1.0
2015-03-20,47188.5,1.0
2015-03-23,47038.5,1.0
2015-03-24,46298.0,0.0
2015-03-25,46298.0,0.0
2015-03-26,46298.0,0.0
2015-03-27,46298.0,0.0
2015-03-30,46298.0,0.0
2015-03-31,46295.0,1.0
2015-04-01,45617.0,0.0
2015-04-02,45617.0,0.0
2015-04-03,45617.0,0.0
2015-04-06,45614.0,1.0
2015-04-07,45489.0,1.0
2015-04-08,45601.5,1.0
2015-04-09,46101.5,1.0
2015-04-10,46651.5,1.0
2015-04-13,46264.0,1.0
2015-04-14,46376.5,1.0
2015-04-15,46889.0,1.0
2015-04-16,46826.5,1.0
2015-04-17,45648.5,0.0
2015-04-20,45648.5,0.0
2015-04-21,45648.5,0.0
2015-04-22,45648.5,0.0
2015-04-23,45648.5,0.0
2015-04-24,45648.5,0.0
2015-04-27,45645.5,1.0
2015-04-28,45945.5,1.0
2015-04-29,45595.5,1.0
2015-04-30,44333.0,1.0
2015-05-01,45545.5,1.0
2015-05-04,46045.5,1.0
2015-05-05,44808.0,1.0
2015-05-06,43980.0,0.0
2015-05-07,43980.0,0.0
2015-05-08,43977.0,1.0
2015-05-11,43564.5,1.0
2015-05-12,43202.0,1.0
2015-05-13,43124.0,0.0
2015-05-14,43124.0,0.0
2015-05-15,43124.0,0.0
2015-05-18,43124.0,0.0
2015-05-19,43124.0,0.0
2015-05-20,43124.0,0.0
2015-05-21,43124.0,0.0
2015-05-22,43124.0,0.0
2015-05-26,43124.0,0.0
2015-05-27,43124.0,0.0
2015-05-28,43124.0,0.0
2015-05-29,43124.0,0.0
2015-06-01,43124.0,0.0
2015-06-02,43121.0,1.0
2015-06-03,43418.0,0.0
2015-06-04,43415.0,1.0
2015-06-05,43290.0,1.0
2015-06-08,42812.0,0.0
2015-06-09,42812.0,0.0
2015-06-10,42812.0,0.0
2015-06-11,42812.0,0.0
2015-06-12,42812.0,0.0
2015-06-15,42812.0,0.0
2015-06-16,42809.0,1.0
2015-06-17,43062.5,0.0
2015-06-18,43059.5,1.0
2015-06-19,42522.0,1.0
2015-06-22,43059.5,1.0
2015-06-23,43159.5,1.0
2015-06-24,42459.5,1.0
2015-06-25,42081.5,0.0
2015-06-26,42081.5,0.0
2015-06-29,42081.5,0.0
2015-06-30,42081.5,0.0
2015-07-01,42078.5,1.0
2015-07-02,42178.5,1.0
2015-07-06,41616.0,1.0
2015-07-07,42291.0,1.0
2015-07-08,40841.0,1.0
2015-07-09,41166.0,1.0
2015-07-10,42353.5,1.0
2015-07-13,43403.5,1.0
2015-07-14,43903.5,1.0
2015-07-15,43678.5,1.0
2015-07-16,44566.0,1.0
2015-07-17,44716.0,1.0
2015-07-20,44766.0,1.0
2015-07-21,44378.5,1.0
2015-07-22,43925.5,0.0
2015-07-23,43922.5,1.0
2015-07-24,42897.5,1.0
2015-07-27,42144.5,0.0
2015-07-28,42141.5,1.0
2015-07-29,42929.0,1.0
2015-07-30,42941.5,1.0
2015-07-31,42666.5,1.0
2015-08-03,42241.5,1.0
2015-08-04,42088.5,0.0
2015-08-05,42088.5,0.0
2015-08-06,42088.5,0.0
2015-08-07,42088.5,0.0
2015-08-10,42088.5,0.0
2015-08-11,42088.5,0.0
2015-08-12,42088.5,0.0
2015-08-13,42085.5,1.0
2015-08-14,42498.0,1.0
2015-08-17,42973.0,1.0
2015-08-18,42707.5,0.0
2015-08-19,42704.5,1.0
2015-08-20,40629.5,1.0
2015-08-21,37414.0,0.0
2015-08-24,37414.0,0.0
2015-08-25,37411.0,1.0
2015-08-26,40311.0,1.0
2015-08-27,42273.5,1.0
2015-08-28,42311.0,1.0
2015-08-31,42111.0,1.0
2015-09-01,38823.5,1.0
2015-09-02,40286.0,1.0
2015-09-03,40798.5,1.0
2015-09-04,39798.5,1.0
2015-09-08,41673.5,1.0
2015-09-09,40536.0,1.0
2015-09-10,40686.0,1.0
2015-09-11,41173.5,1.0
2015-09-14,40973.5,1.0
2015-09-15,42423.5,1.0
2015-09-16,43167.5,1.0
2015-09-17,43242.5,1.0
2015-09-18,41039.5,0.0
2015-09-21,41039.5,0.0
2015-09-22,41039.5,0.0
2015-09-23,41039.5,0.0
2015-09-24,41039.5,0.0
2015-09-25,41039.5,0.0
2015-09-28,41039.5,0.0
2015-09-29,41039.5,0.0
2015-09-30,41039.5,0.0
2015-10-01,41039.5,0.0
2015-10-02,41036.5,1.0
2015-10-05,43049.0,1.0
2015-10-06,42774.0,1.0
2015-10-07,43408.5,0.0
2015-10-08,43405.5,1.0
2015-10-09,43540.0,0.0
2015-10-13,43540.0,0.0
2015-10-14,43540.0,0.0
2015-10-15,43537.0,1.0
2015-10-16,43974.5,1.0
2015-10-19,43999.5,1.0
2015-10-20,43999.5,1.0
2015-10-21,43524.5,1.0
2015-10-22,45137.0,1.0
2015-10-23,46274.5,1.0
2015-10-26,46037.0,1.0
2015-10-27,45699.5,1.0
2015-10-28,46899.5,1.0
2015-10-29,47074.5,1.0
2015-10-30,46812.0,1.0
2015-11-02,47724.5,1.0
2015-11-03,47949.5,1.0
2015-11-04,47537.0,1.0
2015-11-05,47612.0,1.0
2015-11-06,47374.5,1.0
2015-11-09,46599.5,1.0
2015-11-10,46687.0,1.0
2015-11-12,45062.0,1.0
2015-11-13,43784.0,0.0
2015-11-16,43784.0,0.0
2015-11-17,43784.0,0.0
2015-11-18,43781.0,1.0
2015-11-19,43818.5,1.0
2015-11-20,44243.5,1.0
2015-11-23,44093.5,1.0
2015-11-24,44228.0,0.0
2015-11-25,44228.0,0.0
2015-11-27,44228.0,0.0
2015-11-30,44228.0,0.0
2015-12-01,44228.0,0.0
2015-12-02,44228.0,0.0
2015-12-03,44228.0,0.0
2015-12-04,44228.0,0.0
2015-12-07,44225.0,1.0
2015-12-08,43675.0,1.0
2015-12-09,42847.0,0.0
2015-12-10,42844.0,1.0
2015-12-11,40694.0,1.0
2015-12-14,40906.5,1.0
2015-12-15,42344.0,1.0
2015-12-16,43913.0,1.0
2015-12-17,42613.0,1.0
2015-12-18,40747.5,0.0
2015-12-21,40747.5,0.0
2015-12-22,40744.5,1.0
2015-12-23,42144.5,1.0
2015-12-24,41894.5,1.0
2015-12-28,41632.0,1.0
2015-12-29,42894.5,1.0
2015-12-30,42282.0,1.0
2015-12-31,41404.0,0.0
2016-01-04,41404.0,0.0
2016-01-05,41404.0,0.0
2016-01-06,41401.0,1.0
2016-01-07,39288.5,1.0
2016-01-08,38251.0,1.0
2016-01-11,38313.5,1.0
2016-01-12,39051.0,1.0
2016-01-13,36651.0,1.0
2016-01-14,38263.5,1.0
2016-01-15,35951.0,1.0
2016-01-19,36151.0,1.0
2016-01-20,35013.5,1.0
2016-01-21,35738.5,1.0
2016-01-22,37276.0,1.0
2016-01-25,35838.5,1.0
2016-01-26,37113.5,1.0
2016-01-27,36101.0,1.0
2016-01-28,36638.5,1.0
2016-01-29,38726.0,1.0
2016-02-01,39163.5,1.0
2016-02-02,37063.5,1.0
2016-02-03,37513.5,1.0
2016-02-04,37726.0,1.0
2016-02-05,35901.0,1.0
2016-02-08,34813.5,1.0
2016-02-09,34676.0,1.0
2016-02-10,34763.5,1.0
2016-02-11,33938.5,1.0
2016-02-12,35276.0,1.0
2016-02-16,36676.0,1.0
2016-02-17,38513.5,1.0
2016-02-18,37976.0,1.0
2016-02-19,37960.5,0.0
2016-02-22,37960.5,0.0
2016-02-23,37960.5,0.0
2016-02-24,37960.5,0.0
2016-02-25,37960.5,0.0
2016-02-26,37957.5,1.0
2016-02-29,37382.5,1.0
2016-03-01,39117.0,0.0
2016-03-02,39114.0,1.0
2016-03-03,39639.0,1.0
2016-03-04,40039.0,1.0
2016-03-07,40026.5,1.0
2016-03-08,39189.0,1.0
2016-03-09,39451.5,1.0
2016-03-10,39364.0,1.0
2016-03-11,41164.0,1.0
2016-03-14,41264.0,1.0
2016-03-15,40751.5,1.0
2016-03-16,41620.5,1.0
2016-03-17,42345.5,1.0
2016-03-18,42658.0,1.0
2016-03-21,42645.5,1.0
2016-03-22,42720.5,1.0
2016-03-23,41995.5,1.0
2016-03-24,41895.5,1.0
2016-03-25,42133.0,1.0
2016-03-28,42045.5,1.0
2016-03-29,42845.5,1.0
2016-03-30,43470.5,1.0
2016-03-31,43370.5,1.0
2016-04-01,43930.0,0.0
2016-04-04,43930.0,0.0
2016-04-05,43930.0,0.0
2016-04-06,43930.0,0.0
2016-04-07,43927.0,1.0
2016-04-08,44111.5,0.0
2016-04-11,44111.5,0.0
2016-04-12,44108.5,1.0
2016-04-13,45208.5,1.0
2016-04-14,45296.0,1.0
2016-04-15,45108.5,1.0
2016-04-18,45808.5,1.0
2016-04-19,46071.0,1.0
2016-04-20,46293.0,0.0
2016-04-21,46293.0,0.0
2016-04-22,46293.0,0.0
2016-04-25,46293.0,0.0
2016-04-26,46293.0,0.0
2016-04-27,46293.0,0.0
2016-04-28,46293.0,0.0
2016-04-29,46293.0,0.0
2016-05-02,46293.0,0.0
2016-05-03,46293.0,0.0
2016-05-04,46290.0,1.0
2016-05-05,46127.5,1.0
2016-05-06,46365.0,1.0
2016-05-09,46699.5,0.0
2016-05-10,46696.5,1.0
2016-05-11,45859.0,1.0
2016-05-12,45846.5,1.0
2016-05-13,44934.0,1.0
2016-05-16,45946.5,1.0
2016-05-17,44834.0,1.0
2016-05-18,44771.5,1.0
2016-05-19,44634.0,1.0
2016-05-20,45134.0,1.0
2016-05-23,45121.5,1.0
2016-05-24,46471.5,1.0
2016-05-25,47209.0,1.0
2016-05-26,47209.0,1.0
2016-05-27,47531.0,0.0
2016-05-31,47531.0,0.0
2016-06-01,47531.0,0.0
2016-06-02,47531.0,0.0
2016-06-03,47528.0,1.0
2016-06-06,48125.0,0.0
2016-06-07,48125.0,0.0
2016-06-08,48125.0,0.0
2016-06-09,48125.0,0.0
2016-06-10,48125.0,0.0
2016-06-13,48125.0,0.0
2016-06-14,48125.0,0.0
2016-06-15,48125.0,0.0
2016-06-16,48122.0,1.0
2016-06-17,47759.5,1.0
2016-06-20,48622.0,1.0
2016-06-21,48709.5,1.0
2016-06-22,48572.0,1.0
2016-06-23,49656.5,0.0
2016-06-24,49653.5,1.0
2016-06-27,47663.0,0.0
2016-06-28,47663.0,0.0
2016-06-29,47663.0,0.0
2016-06-30,47660.0,1.0
2016-07-01,48222.5,1.0
2016-07-05,47622.5,1.0
2016-07-06,48035.0,1.0
2016-07-07,47997.5,1.0
2016-07-08,49485.0,1.0
2016-07-11,50022.5,1.0
2016-07-12,50697.5,1.0
2016-07-13,50797.5,1.0
2016-07-14,51322.5,1.0
2016-07-15,51197.5,1.0
2016-07-18,51522.5,1.0
2016-07-19,51272.5,1.0
2016-07-20,51860.0,1.0
2016-07-21,51347.5,1.0
2016-07-22,51885.0,1.0
2016-07-25,51497.5,1.0
2016-07-26,51610.0,1.0
2016-07-27,51610.0,1.0
2016-07-28,51810.0,1.0
2016-07-29,51985.0,1.0
2016-08-01,51660.0,1.0
2016-08-02,51047.5,1.0
2016-08-03,51244.5,0.0
2016-08-04,51244.5,0.0
2016-08-05,51241.5,1.0
2016-08-08,51129.0,1.0
2016-08-09,51266.5,1.0
2016-08-10,50891.5,1.0
2016-08-11,51629.0,1.0
2016-08-12,51429.0,1.0
2016-08-15,51816.5,1.0
2016-08-16,51329.0,1.0
2016-08-17,51379.0,1.0
2016-08-18,51554.0,1.0
2016-08-19,51466.5,1.0
2016-08-22,51413.5,0.0
2016-08-23,51413.5,0.0
2016-08-24,51410.5,1.0
2016-08-25,51407.5,0.0
2016-08-26,51407.5,0.0
2016-08-29,51407.5,0.0
2016-08-30,51404.5,1.0
2016-08-31,51154.5,1.0
2016-09-01,51029.5,1.0
2016-09-02,51626.5,0.0
2016-09-06,51626.5,0.0
2016-09-07,51626.5,0.0
2016-09-08,51626.5,0.0
2016-09-09,51623.5,1.0
2016-09-12,53033.0,0.0
2016-09-13,53033.0,0.0
2016-09-14,53030.0,1.0
2016-09-15,54255.0,1.0
2016-09-16,53742.5,1.0
2016-09-19,53755.0,1.0
2016-09-20,53892.5,1.0
2016-09-21,54917.5,1.0
2016-09-22,55667.5,1.0
2016-09-23,55042.5,1.0
2016-09-26,54077.0,0.0
2016-09-27,54077.0,0.0
2016-09-28,54074.0,1.0
2016-09-29,53324.0,1.0
2016-09-30,54258.5,0.0
2016-10-03,54255.5,1.0
2016-10-04,53677.5,0.0
2016-10-05,53677.5,0.0
2016-10-06,53674.5,1.0
2016-10-07,53374.5,1.0
2016-10-11,52474.5,1.0
2016-10-12,52687.0,1.0
2016-10-13,52324.5,1.0
2016-10-14,52512.0,1.0
2016-10-17,52034.0,0.0
2016-10-18,52034.0,0.0
2016-10-19,52031.0,1.0
2016-10-20,51756.0,1.0
2016-10-21,51715.5,0.0
2016-10-24,51715.5,0.0
2016-10-25,51715.5,0.0
2016-10-26,51715.5,0.0
2016-10-27,51715.5,0.0
2016-10-28,51715.5,0.0
2016-10-31,51715.5,0.0
2016-11-01,51715.5,0.0
2016-11-02,51715.5,0.0
2016-11-03,51715.5,0.0
2016-11-04,51715.5,0.0
2016-11-07,51712.5,1.0
2016-11-08,52600.0,1.0
2016-11-09,53587.5,1.0
2016-11-10,53737.5,1.0
2016-11-14,53500.0,1.0
2016-11-15,54412.5,1.0
2016-11-16,54275.0,1.0
2016-11-17,54762.5,1.0
2016-11-18,54672.0,0.0
2016-11-21,54672.0,0.0
2016-11-22,54672.0,0.0
2016-11-23,54672.0,0.0
2016-11-25,54672.0,0.0
2016-11-28,54672.0,0.0
2016-11-29,54669.0,1.0
2016-11-30,54706.5,1.0
2016-12-01,53944.0,1.0
2016-12-02,54144.0,1.0
2016-12-05,54719.0,1.0
2016-12-06,55031.5,1.0
2016-12-07,56506.5,1.0
2016-12-08,56906.5,1.0
2016-12-09,57466.0,0.0
2016-12-12,57466.0,0.0
2016-12-13,57466.0,0.0
2016-12-14,57466.0,0.0
2016-12-15,57466.0,0.0
2016-12-16,57466.0,0.0
2016-12-19,57466.0,0.0
2016-12-20,57466.0,0.0
2016-12-21,57463.0,1.0
2016-12-22,57138.0,1.0
2016-12-23,57250.5,1.0
2016-12-27,57613.0,1.0
2016-12-28,56600.5,1.0
2016-12-29,56563.0,1.0
2016-12-30,55925.5,1.0
2017-01-03,56800.5,1.0
2017-01-04,57663.0,1.0
2017-01-05,57463.0,1.0
2017-01-06,58097.5,0.0
2017-01-09,58097.5,0.0
2017-01-10,58097.5,0.0
2017-01-11,58094.5,1.0
2017-01-12,57907.0,1.0
2017-01-13,58194.5,1.0
2017-01-17,57691.5,0.0
2017-01-18,57691.5,0.0
2017-01-19,57691.5,0.0
2017-01-20,57688.5,1.0
2017-01-23,57601.0,1.0
2017-01-24,58323.0,0.0
2017-01-25,58323.0,0.0
2017-01-26,58323.0,0.0
2017-01-27,58320.0,1.0
2017-01-30,57607.5,1.0
2017-01-31,57629.5,0.0
2017-02-01,57629.5,0.0
2017-02-02,57629.5,0.0
2017-02-03,57626.5,1.0
2017-02-06,57289.0,1.0
2017-02-07,57323.5,0.0
2017-02-08,57320.5,1.0
2017-02-09,58008.0,1.0
2017-02-10,58420.5,1.0
2017-02-13,59083.0,1.0
2017-02-14,59467.5,0.0
2017-02-15,59467.5,0.0
2017-02-16,59467.5,0.0
2017-02-17,59467.5,0.0
2017-02-21,59467.5,0.0
2017-02-22,59467.5,0.0
2017-02-23,59467.5,0.0
2017-02-24,59467.5,0.0
2017-02-27,59467.5,0.0
2017-02-28,59467.5,0.0
2017-03-01,59467.5,0.0
2017-03-02,59467.5,0.0
2017-03-03,59467.5,0.0
2017-03-06,59467.5,0.0
2017-03-07,59467.5,0.0
2017-03-08,59467.5,0.0
2017-03-09,59467.5,0.0
2017-03-10,59464.5,1.0
2017-03-13,59627.0,1.0
2017-03-14,59161.5,0.0
2017-03-15,59158.5,1.0
2017-03-16,58755.5,0.0
2017-03-17,58755.5,0.0
2017-03-20,58755.5,0.0
2017-03-21,58755.5,0.0
2017-03-22,58755.5,0.0
2017-03-23,58755.5,0.0
2017-03-24,58752.5,1.0
2017-03-27,58677.5,1.0
2017-03-28,59462.0,0.0
2017-03-29,59459.0,1.0
2017-03-30,59821.5,1.0
2017-03-31,59806.0,0.0
2017-04-03,59806.0,0.0
2017-04-04,59806.0,0.0
2017-04-05,59806.0,0.0
2017-04-06,59806.0,0.0
2017-04-07,59806.0,0.0
2017-04-10,59806.0,0.0
2017-04-11,59803.0,1.0
2017-04-12,59550.0,0.0
2017-04-13,59550.0,0.0
2017-04-14,59550.0,0.0
2017-04-17,59547.0,1.0
2017-04-18,59622.0,1.0
2017-04-19,58934.5,1.0
2017-04-20,60159.5,1.0
2017-04-21,59759.5,1.0
2017-04-24,60959.5,1.0
2017-04-25,61734.5,1.0
2017-04-26,61606.5,0.0
2017-04-27,61606.5,0.0
2017-04-28,61606.5,0.0
2017-05-01,61606.5,0.0
2017-05-02,61606.5,0.0
2017-05-03,61606.5,0.0
2017-05-04,61606.5,0.0
2017-05-05,61606.5,0.0
2017-05-08,61603.5,1.0
2017-05-09,61728.5,1.0
2017-05-10,61766.0,1.0
2017-05-11,61603.5,1.0
2017-05-12,61316.0,1.0
2017-05-15,61966.0,1.0
2017-05-16,61903.5,1.0
2017-05-17,59975.5,0.0
2017-05-18,59975.5,0.0
2017-05-19,59975.5,0.0
2017-05-22,59972.5,1.0
2017-05-23,60110.0,1.0
2017-05-24,60435.0,1.0
2017-05-25,60485.0,1.0
2017-05-26,61007.0,0.0
2017-05-30,61007.0,0.0
2017-05-31,61007.0,0.0
2017-06-01,61004.0,1.0
2017-06-02,61154.0,1.0
2017-06-05,61526.0,0.0
2017-06-06,61526.0,0.0
2017-06-07,61526.0,0.0
2017-06-08,61526.0,0.0
2017-06-09,61526.0,0.0
2017-06-12,61526.0,0.0
2017-06-13,61523.0,1.0
2017-06-14,61292.0,1.0
2017-06-15,61042.0,1.0
2017-06-16,61054.5,1.0
2017-06-19,62101.5,0.0
2017-06-20,62101.5,0.0
2017-06-21,62101.5,0.0
2017-06-22,62101.5,0.0
2017-06-23,62101.5,0.0
2017-06-26,62101.5,0.0
2017-06-27,62098.5,1.0
2017-06-28,62211.0,1.0
2017-06-29,61273.5,1.0
2017-06-30,61386.0,1.0
2017-07-03,61558.0,0.0
2017-07-05,61555.0,1.0
2017-07-06,60342.5,1.0
2017-07-07,61189.5,0.0
2017-07-10,61189.5,0.0
2017-07-11,61186.5,1.0
2017-07-12,62136.5,1.0
2017-07-13,62299.0,1.0
2017-07-14,62961.5,1.0
2017-07-17,62824.0,1.0
2017-07-18,62871.0,0.0
2017-07-19,62871.0,0.0
2017-07-20,62871.0,0.0
2017-07-21,62868.0,1.0
2017-07-24,62730.5,1.0
2017-07-25,62940.0,0.0
2017-07-26,62940.0,0.0
2017-07-27,62937.0,1.0
2017-07-28,62987.0,1.0
2017-07-31,63087.0,1.0
2017-08-01,63124.5,1.0
2017-08-02,63124.5,1.0
2017-08-03,62949.5,1.0
2017-08-04,63112.0,1.0
2017-08-07,63359.0,0.0
2017-08-08,63359.0,0.0
2017-08-09,63359.0,0.0
2017-08-10,63359.0,0.0
2017-08-11,63356.0,1.0
2017-08-14,64481.0,1.0
2017-08-15,64631.0,1.0
2017-08-16,64606.0,1.0
2017-08-17,62840.5,0.0
2017-08-18,62840.5,0.0
2017-08-21,62840.5,0.0
2017-08-22,62837.5,1.0
2017-08-23,62487.5,1.0
2017-08-24,62162.5,1.0
2017-08-25,62475.0,1.0
2017-08-28,62325.0,1.0
2017-08-29,62525.0,1.0
2017-08-30,62962.5,1.0
2017-08-31,63825.0,1.0
2017-09-01,64075.0,1.0
2017-09-05,62925.0,1.0
2017-09-06,63209.5,0.0
2017-09-07,63209.5,0.0
2017-09-08,63209.5,0.0
2017-09-11,63206.5,1.0
2017-09-12,63591.0,0.0
2017-09-13,63591.0,0.0
2017-09-14,63591.0,0.0
2017-09-15,63591.0,0.0
2017-09-18,63591.0,0.0
2017-09-19,63591.0,0.0
2017-09-20,63591.0,0.0
2017-09-21,63588.0,1.0
2017-09-22,63547.5,0.0
2017-09-25,63547.5,0.0
2017-09-26,63547.5,0.0
2017-09-27,63547.5,0.0
2017-09-28,63547.5,0.0
2017-09-29,63547.5,0.0
2017-10-02,63547.5,0.0
2017-10-03,63547.5,0.0
2017-10-04,63547.5,0.0
2017-10-05,63547.5,0.0
2017-10-06,63547.5,0.0
2017-10-10,63547.5,0.0
2017-10-11,63547.5,0.0
2017-10-12,63547.5,0.0
2017-10-13,63547.5,0.0
2017-10-16,63547.5,0.0
2017-10-17,63547.5,0.0
2017-10-18,63547.5,0.0
2017-10-19,63547.5,0.0
2017-10-20,63547.5,0.0
2017-10-23,63547.5,0.0
2017-10-24,63547.5,0.0
2017-10-25,63547.5,0.0
2017-10-26,63547.5,0.0
2017-10-27,63547.5,0.0
2017-10-30,63547.5,0.0
2017-10-31,63547.5,0.0
2017-11-01,63547.5,0.0
2017-11-02,63547.5,0.0
2017-11-03,63547.5,0.0
2017-11-06,63547.5,0.0
2017-11-07,63547.5,0.0
2017-11-08,63547.5,0.0
2017-11-09,63547.5,0.0
2017-11-13,63547.5,0.0
2017-11-14,63547.5,0.0
2017-11-15,63547.5,0.0
2017-11-16,63544.5,1.0
2017-11-17,63107.0,1.0
2017-11-20,63291.5,0.0
2017-11-21,63291.5,0.0
2017-11-22,63291.5,0.0
2017-11-27,63291.5,0.0
2017-11-28,63291.5,0.0
2017-11-29,63291.5,0.0
2017-11-30,63291.5,0.0
2017-12-01,63291.5,0.0
2017-12-04,63291.5,0.0
2017-12-05,63291.5,0.0
2017-12-06,63291.5,0.0
2017-12-07,63291.5,0.0
2017-12-08,63291.5,0.0
2017-12-11,63291.5,0.0
2017-12-12,63291.5,0.0
2017-12-13,63291.5,0.0
2017-12-14,63291.5,0.0
2017-12-15,63291.5,0.0
2017-12-18,63291.5,0.0
2017-12-19,63291.5,0.0
2017-12-20,63291.5,0.0
2017-12-21,63291.5,0.0
2017-12-22,63291.5,0.0
2017-12-26,63291.5,0.0
2017-12-27,63291.5,0.0
2017-12-28,63291.5,0.0
2017-12-29,63291.5,0.0
2018-01-02,63291.5,0.0
2018-01-03,63291.5,0.0
2018-01-04,63291.5,0.0
2018-01-05,63291.5,0.0
2018-01-08,63291.5,0.0
2018-01-09,63291.5,0.0
2018-01-10,63291.5,0.0
2018-01-11,63291.5,0.0
2018-01-12,63291.5,0.0
2018-01-16,63291.5,0.0
2018-01-17,63291.5,0.0
2018-01-18,63291.5,0.0
2018-01-19,63291.5,0.0
2018-01-22,63291.5,0.0
2018-01-23,63291.5,0.0
2018-01-24,63291.5,0.0
2018-01-25,63291.5,0.0
2018-01-26,63291.5,0.0
2018-01-29,63291.5,0.0
2018-01-30,63291.5,0.0
2018-01-31,63291.5,0.0
2018-02-01,63291.5,0.0
2018-02-02,63291.5,0.0
2018-02-05,63291.5,0.0
2018-02-06,63291.5,0.0
2018-02-07,63291.5,0.0
2018-02-08,63291.5,0.0
2018-02-09,63288.5,1.0
2018-02-12,64976.0,1.0
2018-02-13,65463.5,1.0
2018-02-14,67263.5,1.0
2018-02-15,68563.5,1.0
2018-02-16,69288.5,1.0
2018-02-20,67901.0,1.0
2018-02-21,68188.5,1.0
2018-02-22,67351.0,1.0
2018-02-23,69513.5,1.0
2018-02-26,71176.0,1.0
2018-02-27,69938.5,1.0
2018-02-28,68476.0,1.0
2018-03-01,66163.5,1.0
2018-03-02,66701.0,1.0
2018-03-05,68663.5,1.0
2018-03-06,68660.5,0.0
2018-03-07,68660.5,0.0
2018-03-08,68660.5,0.0
2018-03-09,68660.5,0.0
2018-03-12,68660.5,0.0
2018-03-13,68657.5,1.0
2018-03-14,68064.0,1.0
2018-03-15,68089.0,1.0
2018-03-16,68451.5,1.0
2018-03-19,66051.5,1.0
2018-03-20,66448.5,0.0
2018-03-21,66448.5,0.0
2018-03-22,66448.5,0.0
2018-03-23,66448.5,0.0
2018-03-26,66445.5,1.0
2018-03-27,63733.0,1.0
2018-03-28,64083.0,1.0
2018-03-29,65920.5,1.0
2018-04-02,62070.5,1.0
2018-04-03,64108.0,1.0
2018-04-04,65570.5,1.0
2018-04-05,66770.5,1.0
2018-04-06,63583.0,1.0
2018-04-09,64883.0,1.0
2018-04-10,66458.0,1.0
2018-04-11,65720.5,1.0
2018-04-12,66883.0,1.0
2018-04-13,66208.0,1.0
2018-04-16,67520.5,1.0
2018-04-17,69033.0,1.0
2018-04-18,69070.5,1.0
2018-04-19,68180.0,0.0
2018-04-20,68177.0,1.0
2018-04-23,68352.0,1.0
2018-04-24,66114.5,1.0
2018-04-25,66474.0,0.0
2018-04-26,66474.0,0.0
2018-04-27,66474.0,0.0
2018-04-30,66474.0,0.0
2018-05-01,66471.0,1.0
2018-05-02,65783.5,1.0
2018-05-03,65446.0,1.0
2018-05-04,67308.5,1.0
2018-05-07,67471.0,1.0
2018-05-08,67418.0,0.0
2018-05-09,67418.0,0.0
2018-05-10,67418.0,0.0
2018-05-11,67418.0,0.0
2018-05-14,67415.0,1.0
2018-05-15,66190.0,1.0
2018-05-16,67015.0,1.0
2018-05-17,66977.5,1.0
2018-05-18,66715.0,1.0
2018-05-21,67565.0,1.0
2018-05-22,67290.0,1.0
2018-05-23,67377.5,1.0
2018-05-24,67302.5,1.0
2018-05-25,66940.0,1.0
2018-05-29,65515.0,1.0
2018-05-30,67177.5,1.0
2018-05-31,66390.0,1.0
2018-06-01,67652.5,1.0
2018-06-04,68327.5,1.0
2018-06-05,68440.0,1.0
2018-06-06,69365.0,1.0
2018-06-07,69490.0,1.0
2018-06-08,69940.0,1.0
2018-06-11,70412.0,0.0
2018-06-12,70412.0,0.0
2018-06-13,70412.0,0.0
2018-06-14,70412.0,0.0
2018-06-15,70412.0,0.0
2018-06-18,70412.0,0.0
2018-06-19,70412.0,0.0
2018-06-20,70412.0,0.0
2018-06-21,70412.0,0.0
2018-06-22,70412.0,0.0
2018-06-25,70409.0,1.0
2018-06-26,70821.5,1.0
2018-06-27,69971.5,1.0
2018-06-28,70371.5,1.0
2018-06-29,70934.0,1.0
2018-07-02,70534.0,1.0
2018-07-03,70096.5,1.0
2018-07-05,71271.5,1.0
2018-07-06,72396.5,1.0
2018-07-09,73709.0,1.0
2018-07-10,74146.5,1.0
2018-07-11,73396.5,1.0
2018-07-12,74296.5,1.0
2018-07-13,74571.5,1.0
2018-07-16,74384.0,1.0
2018-07-17,75134.0,1.0
2018-07-18,75296.5,1.0
2018-07-19,74768.5,0.0
2018-07-20,74768.5,0.0
2018-07-23,74768.5,0.0
2018-07-24,74768.5,0.0
2018-07-25,74768.5,0.0
2018-07-26,74768.5,0.0
2018-07-27,74768.5,0.0
2018-07-30,74768.5,0.0
2018-07-31,74768.5,0.0
2018-08-01,74768.5,0.0
2018-08-02,74765.5,1.0
2018-08-03,75303.0,1.0
2018-08-06,75853.0,1.0
2018-08-07,76303.0,1.0
2018-08-08,76378.0,1.0
2018-08-09,76162.5,0.0
2018-08-10,76162.5,0.0
2018-08-13,76162.5,0.0
2018-08-14,76162.5,0.0
2018-08-15,76162.5,0.0
2018-08-16,76159.5,1.0
2018-08-17,76784.5,1.0
2018-08-20,77122.0,1.0
2018-08-21,77347.0,1.0
2018-08-22,77297.0,1.0
2018-08-23,76859.5,1.0
2018-08-24,77884.5,1.0
2018-08-27,78881.5,0.0
2018-08-28,78881.5,0.0
2018-08-29,78881.5,0.0
2018-08-30,78881.5,0.0
2018-08-31,78881.5,0.0
2018-09-04,78881.5,0.0
2018-09-05,78881.5,0.0
2018-09-06,78881.5,0.0
2018-09-07,78881.5,0.0
2018-09-10,78881.5,0.0
2018-09-11,78881.5,0.0
2018-09-12,78881.5,0.0
2018-09-13,78878.5,1.0
2018-09-14,79141.0,1.0
2018-09-17,78366.0,1.0
2018-09-18,79150.5,0.0
2018-09-19,79147.5,1.0
2018-09-20,80260.0,1.0
2018-09-21,80147.5,1.0
2018-09-24,79607.0,0.0
2018-09-25,79607.0,0.0
2018-09-26,79607.0,0.0
2018-09-27,79607.0,0.0
2018-09-28,79607.0,0.0
2018-10-01,79604.0,1.0
2018-10-02,79776.0,0.0
2018-10-03,79773.0,1.0
2018-10-04,78445.0,0.0
2018-10-05,78445.0,0.0
2018-10-09,78445.0,0.0
2018-10-10,78445.0,0.0
2018-10-11,78442.0,1.0
2018-10-12,79754.5,1.0
2018-10-15,79242.0,1.0
2018-10-16,81767.0,1.0
2018-10-17,81417.0,1.0
2018-10-18,79704.5,1.0
2018-10-19,80004.5,1.0
2018-10-22,79279.5,1.0
2018-10-23,78254.5,1.0
2018-10-24,74992.0,1.0
2018-10-25,76554.5,1.0
2018-10-26,73954.5,1.0
2018-10-29,71867.0,1.0
2018-10-30,74879.5,1.0
2018-10-31,77054.5,1.0
2018-11-01,78079.5,1.0
2018-11-02,77129.5,1.0
2018-11-05,77867.0,1.0
2018-11-06,78367.0,1.0
2018-11-07,81592.0,1.0
2018-11-08,81192.0,1.0
2018-11-09,80492.0,1.0
2018-11-13,77342.0,1.0
2018-11-14,76742.0,1.0
2018-11-15,77417.0,1.0
2018-11-16,78279.5,1.0
2018-11-19,75454.5,1.0
2018-11-20,73429.5,1.0
2018-11-21,73817.0,1.0
2018-11-23,72539.0,0.0
2018-11-26,72539.0,0.0
2018-11-27,72539.0,0.0
2018-11-28,72536.0,1.0
2018-11-29,72798.5,1.0
2018-11-30,73320.5,0.0
2018-12-03,73320.5,0.0
2018-12-04,73320.5,0.0
2018-12-05,73317.5,1.0
2018-12-06,71755.0,1.0
2018-12-07,69192.5,1.0
2018-12-10,69617.5,1.0
2018-12-11,69705.0,1.0
2018-12-12,70505.0,1.0
2018-12-13,70117.5,1.0
2018-12-14,67214.5,0.0
2018-12-17,67211.5,1.0
2018-12-18,67724.0,1.0
2018-12-19,65468.0,1.0
2018-12-20,63455.5,1.0
2018-12-21,61340.0,0.0
2018-12-24,61337.0,1.0
2018-12-26,66749.5,1.0
2018-12-27,67849.5,1.0
2018-12-28,68337.0,1.0
2018-12-31,69321.5,0.0
2019-01-02,69321.5,0.0
2019-01-03,69318.5,1.0
2019-01-04,73106.0,1.0
2019-01-07,74456.0,1.0
2019-01-08,75306.0,1.0
2019-01-09,75856.0,1.0
2019-01-10,76493.5,1.0
2019-01-11,76381.0,1.0
2019-01-14,75778.0,0.0
2019-01-15,75778.0,0.0
2019-01-16,75778.0,0.0
2019-01-17,75778.0,0.0
2019-01-18,75775.0,1.0
2019-01-22,73562.5,1.0
2019-01-23,74212.5,1.0
2019-01-24,74287.5,1.0
2019-01-25,75562.5,1.0
2019-01-28,74362.5,1.0
2019-01-29,74325.0,1.0
2019-01-30,76362.5,1.0
2019-01-31,77362.5,1.0
2019-02-01,77525.0,1.0
2019-02-04,78250.0,1.0
2019-02-05,78587.5,1.0
2019-02-06,78587.5,1.0
2019-02-07,77437.5,1.0
2019-02-08,77325.0,1.0
2019-02-11,77800.0,1.0
2019-02-12,79487.5,1.0
2019-02-13,79762.5,1.0
2019-02-14,79887.5,1.0
2019-02-15,81050.0,1.0
2019-02-19,81600.0,1.0
2019-02-20,81600.0,1.0
2019-02-21,80887.5,1.0
2019-02-22,81112.5,1.0
2019-02-25,81125.0,1.0
2019-02-26,81125.0,1.0
2019-02-27,81125.0,1.0
2019-02-28,81122.0,0.0
2019-03-01,81122.0,0.0
2019-03-04,81122.0,0.0
2019-03-05,81122.0,0.0
2019-03-06,81122.0,0.0
2019-03-07,81122.0,0.0
